Customer ID,Monetary
18287,1837.28
18283,2094.88
18282,176.6
18281,80.82
18280,180.6
18278,173.9
18277,97.63
18276,323.36
18274,0
18273,204
18272,3064.78
18270,238.95
18269,138.9
18268,0
18265,801.51
18263,1211.08
18262,149.48
18261,324.24
18260,2595
18259,2338.6
18257,2265.38
18256,-50.1
18255,103.3
18252,526.67
18251,4314.72
18250,342.92
18249,95.34
18248,783.02
18246,596.1
18245,2507.56
18242,2232.49
18241,2058.09
18240,422.58
18239,1561.61
18237,987.1
18236,882.24
18235,1796.48
18233,440
18232,582.47
18231,2066.17
18230,2716.6
18229,7276.9
18228,769.2
18227,93.75
18226,5192.1
18225,5361.02
18224,158.95
18223,6315.23
18222,443
18221,1033.31
18220,297.78
18219,2019.77
18218,626.38
18217,621.75
18216,481.75
18215,299.34
18213,232.48
18212,248.42
18211,600.07
18210,2621.38
18209,139.1
18205,517.36
18204,1979.3
18203,160.42
18202,1396.99
18200,163.8
18198,5083.06
18196,689.13
18194,896
18193,212.96
18192,957.97
18191,207.8
18190,274.51
18189,1084.34
18188,1998.49
18185,304.25
18184,49.8
18183,600.52
18181,382.8
18180,1843.75
18179,1793.17
18178,1573.41
18177,1314.17
18176,448.65
18174,104
18173,2106.84
18172,7490.17
18171,1208.51
18170,980.31
18169,202.65
18168,1133.64
18167,1355.51
18165,302.46
18164,394.7
18161,1612.79
18160,638.06
18159,530.15
18158,451.75
18156,734.94
18155,347.82
18154,399.19
18151,653.35
18150,566.58
18149,612.08
18147,179.34
18146,160.35
18145,2861.55
18144,2888.75
18143,1000.16
18142,1014.9
18141,-35.4
18139,8393.22
18138,152.65
18136,761.83
18135,681.91
18133,715.5
18130,1045.74
18129,112.55
18127,348.73
18126,206.83
18125,1141.34
18123,589.44
18122,1826.21
18121,673.1
18120,111.15
18119,181.12
18118,5595.77
18117,320.72
18116,1418.03
18114,220.1
18113,76.32
18112,352.69
18110,206.05
18109,7925.32
18108,264.65
18106,430.7
18105,113.48
18104,754.64
18102,256438.49
18101,223.65
18099,168.31
18097,2692.85
18096,911.15
18095,580.05
18094,3017.3
18093,2083.42
18092,9065.76
18088,167.67
18087,3770.12
18086,101.34
18085,689.95
18084,87.53
18082,703.37
18081,343.45
18080,1231.5
18079,3651.97
18078,336.13
18077,2633.01
18075,2538.72
18074,489.6
18073,3864.44
18072,0
18071,453
18069,2021.82
18068,101.7
18067,396.33
18066,318
18065,2380.08
18064,814
18062,720.52
18061,2119.41
18059,296.71
18058,170.16
18056,363.65
18055,6752.14
18053,297.07
18050,74.4
18048,172.29
18045,189.4
18044,2085.65
18043,559.51
18042,165.05
18041,4161.14
18040,357.2
18037,70.02
18036,405.62
18035,730.4
18034,422.88
18033,97.97
18032,73.5
18030,220.7
18027,115.31
18024,236.78
18022,668.11
18019,38.45
18018,122.14
18017,523
18016,1483.56
18015,120.03
18014,166.42
18013,187.29
18011,102.79
18010,174.8
18009,252.24
18008,2116.19
18006,444.68
18005,249.72
18004,169.47
18001,417.23
17999,382.06
17997,1511.3
17995,76.1
17994,629.69
17991,93.35
17990,630.84
17988,191.17
17987,198.57
17986,20.8
17985,634.95
17984,152.68
17980,811.45
17979,737.81
17978,300.92
17977,288.14
17976,353.19
17975,4393.61
17974,740.79
17973,337.04
17972,136.04
17970,582.59
17969,228.2
17968,277.35
17967,123.07
17966,1098.43
17965,2622.57
17964,471.7
17962,102.83
17961,1296.44
17960,73.78
17958,508.46
17957,111.68
17956,12.75
17955,557.3
17954,2295.37
17951,990.84
17950,472.12
17949,52750.84
17948,358.56
17947,176.68
17946,149.58
17942,77.5
17941,304.56
17940,1983.58
17939,99.14
17937,4301.22
17936,389.84
17935,145.79
17934,704.25
17932,1331.57
17931,408.36
17930,1740.48
17929,834.5
17928,212.54
17926,397.29
17925,244.08
17924,2894.33
17923,207.5
17921,826.52
17920,4204.1
17919,1304.04
17917,341.28
17914,336.43
17913,411.6
17912,295.61
17911,366.23
17908,243.28
17906,72.9
17905,800.24
17904,178.92
17901,110.38
17900,15
17899,155.8
17898,152.06
17897,541.1
17896,256.32
17895,98
17894,1119.81
17893,112.25
17892,244.1
17891,203.86
17890,602.09
17889,203.87
17888,525.78
17887,111.35
17886,899.61
17885,190.19
17884,717.45
17883,671.77
17881,133.35
17880,458.92
17879,178.52
17878,379.45
17877,237.61
17874,658.26
17873,1764.36
17871,155.9
17870,1889.4
17869,428.18
17867,622.75
17866,325.7
17865,10158.54
17864,597.5
17863,3160
17862,330.9
17861,2059.2
17860,252.8
17859,148.21
17858,5155.66
17857,26763.34
17856,1393.79
17855,208.97
17854,311.26
17852,114.34
17850,5288.63
17849,605.8
17848,901.2
17846,2033.1
17844,51.56
17843,205.48
17841,40340.78
17839,338.8
17838,2312.7
17837,1560.53
17836,110.21
17835,350.64
17832,155.37
17831,35.4
17830,398.7
17829,889.24
17828,1599.97
17827,1995.46
17824,298.4
17820,-24.05
17819,3661.07
17817,387.68
17816,36.56
17813,1714.6
17812,732.16
17811,7677.71
17809,4627.62
17806,546.04
17805,512.31
17802,1251.84
17800,1199.01
17799,3026.08
17797,780.43
17796,697.9
17795,350.39
17793,323.04
17791,106.1
17790,1965.55
17789,225.9
17788,1117.9
17787,1865.19
17786,278.74
17785,131.94
17783,283.47
17781,188.02
17779,642.17
17777,665.86
17775,56.4
17774,1215.46
17772,182.77
17771,245.81
17770,1143.27
17769,3960.63
17768,2273.18
17767,271.2
17765,371.88
17764,818.82
17763,15
17761,712.78
17760,287.59
17759,834.99
17758,3456.7
17757,5585.49
17754,1739.92
17752,80.64
17750,1797.57
17749,674.52
17747,64.65
17746,98.8
17744,2291.08
17742,355.11
17739,2786.05
17738,1863.35
17737,168.24
17736,337.49
17735,13110.02
17734,700.63
17733,692.19
17732,303.97
17731,878.2
17730,5288.83
17728,2515.68
17727,1042.55
17725,3371.13
17724,995.65
17723,3276.4
17722,2380.64
17720,1195.94
17719,5367.8
17718,139.35
17716,5505.79
17715,326.4
17714,153
17712,522.91
17711,385.1
17709,137.45
17708,267.08
17707,152.4
17706,10097.37
17705,1781.12
17704,885.19
17703,798.74
17702,1719.72
17701,417.95
17700,2508.89
17698,154.95
17697,338.95
17696,2201.05
17695,765.34
17694,283.12
17693,187.02
17692,733.44
17691,290.4
17690,4748.45
17686,5739.46
17685,3191.53
17684,239.41
17682,2459.33
17680,184.4
17679,1992.11
17678,298.11
17677,16219.22
17676,1383.27
17675,20098.1
17674,551.04
17673,1622.22
17672,3106.62
17671,1284.08
17670,205.7
17669,3406.72
17668,347.75
17667,2055.51
17666,728.16
17664,604.64
17663,1788.27
17660,196
17659,2954.75
17658,485.88
17656,1674.69
17655,2571.74
17654,117.55
17653,1175.88
17652,4737.13
17651,3886.67
17650,166.08
17649,861.74
17648,1789.55
17647,133.06
17646,995.66
17644,2768.98
17643,101.55
17642,712.29
17640,621.66
17639,108.5
17637,547.06
17636,265.93
17634,2361.97
17633,1242.34
17631,528.33
17630,503.6
17629,1784.12
17628,75.75
17625,2047
17624,843.48
17623,527.05
17621,1336.1
17620,81.44
17619,218.52
17618,971.58
17616,571.2
17615,329.6
17614,390.07
17613,4509.37
17612,1992.76
17611,3947.87
17609,1103.92
17608,193.42
17604,309.36
17603,-1165.3
17602,5050.77
17601,116.01
17600,161.67
17597,2044.37
17596,2827.93
17595,388.79
17594,993.18
17593,3911.56
17591,2215.02
17590,1479.22
17589,2404.17
17588,1240.2
17585,1133.07
17584,1227.3
17582,175.27
17581,10736.11
17580,215.72
17579,440.2
17578,124.74
17576,3457.78
17574,185.65
17573,362.9
17572,226.75
17571,1498.51
17569,344.14
17567,4012.56
17566,901.21
17564,454.01
17562,1107.38
17561,167.62
17560,854.95
17557,541.46
17556,157.9
17555,483.26
17554,1952.45
17553,1487.6
17552,909.96
17551,306.84
17550,267.16
17549,148.86
17548,-141.48
17547,-11.8
17545,645.96
17542,170.75
17540,570.4
17538,98.42
17537,897.62
17536,76.5
17535,164.4
17534,223.36
17531,293.45
17530,2385
17528,3540.1
17527,888.86
17526,706.7
17525,422.7
17524,145
17523,652.74
17522,1070.71
17521,721.96
17520,546.81
17519,1839.07
17517,153.94
17516,768.08
17515,639.02
17514,208.65
17513,513.2
17512,2920.04
17511,88125.38
17510,308.48
17509,6100.74
17508,387.31
17507,605.58
17506,294.29
17505,1145.84
17504,2745.28
17503,558.96
17502,689.1
17501,288.6
17500,1138
17499,622.88
17498,272.22
17496,271.05
17495,497.56
17492,374.57
17491,3541.92
17490,1926.88
17489,376.64
17486,396.87
17483,414.04
17481,1249.34
17480,506.51
17475,194.37
17472,710.29
17470,1125.07
17469,1843.06
17468,137
17466,763.28
17464,289.96
17463,1881.36
17462,662.94
17461,757.46
17460,452.63
17459,657.3
17458,316.5
17457,1737.7
17456,249.86
17455,131.7
17454,517.53
17453,486.72
17451,1648.95
17450,187482.17
17449,2504.86
17448,-4287.63
17447,541.53
17446,120.9
17444,2940.04
17443,534.24
17442,2210.26
17440,177.1
17438,378.3
17436,216.3
17434,2333.42
17433,303.16
17432,365.76
17431,403.3
17430,265.76
17429,512.12
17428,17078.45
17427,100.8
17426,5022.26
17425,759.17
17423,663.63
17422,1853.13
17420,598.83
17419,4200.97
17418,463.46
17416,6838.34
17415,507.84
17414,778
17412,1258.06
17411,748.94
17410,1214.72
17409,771.85
17408,32.65
17406,1928.72
17405,967.22
17404,30300.82
17403,281.62
17402,2633.85
17400,2129.96
17398,653.38
17397,696.41
17396,7330.8
17394,203.87
17392,457.91
17391,508.8
17389,31300.08
17388,1259.56
17387,784.11
17386,2686.42
17385,261.11
17384,336.4
17383,199.29
17382,65.4
17381,20272.43
17379,404.66
17377,3925.92
17376,203.2
17375,372.5
17374,495.77
17373,646.92
17372,1342.68
17371,423.89
17370,446.18
17368,1349.52
17367,168.4
17365,4801.56
17364,4455.73
17362,312.23
17361,488.2
17360,585.79
17359,127.86
17358,365.85
17357,388.14
17356,178.22
17354,1393.06
17353,1740
17351,587.15
17350,1256.19
17349,110.75
17348,1159.52
17347,228.96
17346,2611.58
17345,537.74
17344,160.57
17343,193.64
17341,781.36
17340,11891.18
17339,243.36
17338,6612.18
17337,1944.32
17334,306.6
17333,494.25
17331,175.2
17330,363.9
17329,523.11
17325,96.8
17324,990.23
17323,908.99
17321,700.86
17320,1200.62
17317,2524.02
17315,6204.46
17314,2514.76
17313,2288.13
17312,644.3
17311,1384.85
17309,82.75
17307,-152.64
17306,8600.73
17303,250.04
17302,1119.93
17301,197.63
17299,669.11
17298,498.42
17297,131.78
17295,556.95
17293,1875.11
17291,550.8
17290,525.24
17289,936.16
17288,1419.73
17287,1064.11
17286,153.92
17284,1641.68
17282,1703.41
17279,187.83
17278,246.04
17277,1065.35
17274,111.98
17272,2144.53
17268,763.64
17267,317.62
17266,310.64
17265,562.9
17263,63.44
17262,1253.36
17259,603.37
17256,240
17255,298.41
17254,272.44
17253,178.26
17252,353.86
17251,283.28
17250,384.52
17248,318.65
17247,282.19
17245,171.45
17244,954.9
17243,8628.55
17242,1135.04
17239,379.95
17238,3744.65
17237,314.69
17236,916.13
17235,550.06
17234,149.89
17233,190.88
17232,421.52
17231,3127.82
17230,3466.67
17229,318.76
17228,1906.09
17227,939.32
17226,393.49
17223,426.79
17222,354.15
17221,335.13
17220,3198.25
17219,114.23
17218,1960.72
17217,113.5
17214,984.12
17213,2741.08
17212,226.85
17211,2299.67
17206,204.24
17205,384.08
17204,1352.91
17203,3563.85
17201,342.63
17198,692.22
17197,1013.01
17194,262.62
17193,1674.46
17191,2095.13
17190,249.74
17189,384.4
17188,2275.58
17187,203.95
17186,144
17183,3286.91
17181,239.92
17180,780.38
17179,711.79
17176,306.13
17175,1430.94
17174,59.9
17173,3755.65
17172,313.26
17171,224.91
17169,816.88
17166,189.49
17165,158.68
17164,2466.4
17163,293.1
17162,1707.21
17160,3518.03
17159,1534.73
17158,1266.97
17157,306.55
17155,251.7
17154,329.34
17153,213.78
17152,1503.5
17148,124.88
17147,1679.64
17146,749.78
17144,984.57
17142,579
17140,465.32
17139,10585.57
17138,380.5
17135,1139.73
17134,425
17133,4892.24
17131,2463.17
17128,157.09
17126,991.85
17125,259.35
17124,298.89
17123,345.3
17122,138.32
17120,307.46
17119,593.61
17118,157.02
17117,116.2
17115,806.9
17114,747.22
17111,248.61
17110,163.3
17109,869.68
17107,10380.43
17105,665.78
17102,25.5
17101,1621.73
17100,971.74
17097,937.92
17096,992.68
17095,1088.2
17094,270.2
17092,1777.78
17091,3802.81
17090,2041.85
17088,1991.01
17086,2050.08
17085,1555.05
17084,2949.75
17083,1405.78
17082,2003.85
17081,290.16
17080,285.5
17079,118.8
17078,378.2
17076,841.08
17075,813.77
17073,1446.09
17071,2385.48
17070,312.14
17069,2655.22
17068,4531.34
17065,-112.35
17064,859.35
17063,1421.59
17062,534.47
17061,5116.13
17060,234.24
17059,3095.04
17058,1179.89
17054,1353.83
17053,496.38
17052,413.75
17051,247.14
17050,3228.84
17049,5594.78
17048,864.32
17047,1100.9
17046,642.02
17045,339.44
17044,897.43
17043,1735.18
17042,1044.38
17041,1065.77
17040,449.73
17038,112.4
17037,1253.22
17035,388.33
17034,734.57
17033,1030.14
17031,380.35
17030,146.87
17029,716
17027,848.59
17026,154.83
17025,357.77
17024,95.85
17022,71
17019,1272.61
17018,920.1
17017,8574.11
17015,1842.56
17014,565.58
17011,270.9
17010,185.46
17007,877.43
17006,781.78
17004,1412.94
17002,1487.78
17001,3989.57
16999,484.82
16998,287.02
16997,702
16996,1427.46
16995,-1.25
16992,1601.86
16990,179
16989,1133.25
16988,126.12
16987,1625.05
16986,1873.2
16985,5461.62
16984,4392.42
16983,1920.2
16982,384.06
16980,1078.96
16979,1809.05
16978,344.33
16976,251.52
16971,232.21
16969,650.41
16968,439.43
16967,319.02
16966,2148.47
16965,201.19
16963,110.55
16961,234.17
16960,507.05
16959,117.35
16957,416.64
16956,292.34
16955,493.67
16954,2085.08
16953,20.8
16952,167.61
16951,1262.75
16950,1178.56
16949,1161.27
16948,435.02
16947,406.48
16945,4345.5
16943,816.73
16942,1894.11
16940,3049.88
16938,1903.13
16936,262.68
16934,950.93
16933,530.08
16932,161.94
16931,4604.22
16930,380.55
16929,1295.39
16928,2781.5
16927,543.05
16926,230.25
16924,739.5
16923,6666.83
16921,169.79
16919,2596.45
16918,1043.34
16917,391.52
16916,576.26
16915,621.68
16914,208.46
16913,113.44
16912,2528.67
16910,1510.06
16909,364.14
16907,981.65
16906,579.77
16905,3085.48
16904,3754.27
16903,373.24
16902,1706.88
16900,187.69
16899,1281.56
16898,444.46
16897,213.03
16895,219.14
16893,145.93
16892,496.84
16891,809.7
16889,1578.67
16887,194.88
16885,471.51
16884,429.84
16883,276.73
16882,705.12
16881,432
16880,1519.08
16878,0
16877,853.72
16875,2023.47
16873,7066.31
16872,680.02
16871,2761.49
16869,805.62
16866,207.74
16863,481.35
16861,151.65
16859,473.14
16858,345.89
16856,35.4
16855,328.4
16852,144.91
16851,342.45
16850,332.41
16849,124.57
16848,281.42
16847,193.44
16846,214.32
16843,10183.82
16842,1260.44
16841,1774.62
16839,15357.78
16838,582.9
16837,3167.73
16836,251.87
16835,180.85
16834,413.46
16833,1106.53
16832,199.15
16830,325.91
16829,197.22
16828,128.5
16826,341.7
16825,775.18
16824,460.64
16823,358.38
16820,497.61
16818,3317.97
16817,1446.95
16816,417.06
16814,6500.6
16813,1692.98
16812,479.35
16811,547.07
16810,275.64
16809,912.74
16808,288.42
16807,1121.59
16806,801.49
16805,460.59
16804,536.99
16803,332.3
16801,867.83
16800,1201.49
16796,305.62
16795,414.88
16794,1201.51
16793,243.84
16792,110.38
16791,1706.28
16790,1520.12
16789,80.8
16788,597.48
16784,107.6
16782,2242.25
16781,294.65
16780,425.19
16779,10454.05
16778,245.94
16777,226.35
16776,388.28
16775,1695.66
16774,654.92
16773,171.59
16771,2246.81
16770,744.9
16769,380.39
16768,458.04
16767,5580.6
16766,1145.6
16765,34
16764,2758.25
16763,594.9
16762,1501.38
16761,316.62
16759,772.84
16758,369.34
16757,106.83
16756,239.4
16755,1484.63
16754,2002.4
16753,223.92
16752,207.5
16751,1764.72
16750,623.93
16748,1515.9
16747,826.96
16746,6694.31
16745,7170.7
16744,1304.76
16743,2191.84
16742,0
16739,312.55
16738,3.75
16737,417.6
16735,2269.21
16734,650.51
16732,603.75
16730,702.79
16729,7076.28
16728,1054.67
16727,272.82
16726,1382.02
16725,775.07
16723,589.15
16722,4711.21
16721,292.47
16720,155.24
16719,1773.92
16718,623.75
16717,3278.36
16716,319.8
16715,301.72
16714,911.53
16713,6840.23
16712,3645.43
16711,1651.03
16710,2483.04
16709,3029.87
16708,656.63
16706,531.35
16705,13946.13
16701,5150.27
16700,5040
16698,1998
16697,112.75
16696,657.9
16693,482.01
16692,1276
16690,208.63
16689,303.26
16688,1260.86
16686,3043.48
16685,324.24
16684,65892.08
16682,1028
16681,1770.34
16680,183.7
16679,129.75
16678,3013.83
16676,1558.72
16674,319.61
16672,8093.59
16671,1692.27
16670,4022.46
16669,1370.87
16668,306.72
16667,570.13
16666,118.98
16665,135.4
16660,810.45
16659,39.12
16658,123.24
16657,933.62
16656,8568.24
16655,3794.52
16654,594.97
16653,1166.92
16652,6654.26
16650,518.42
16648,270.86
16647,214.06
16644,833.78
16643,487.51
16642,679.83
16641,231.1
16639,1169.38
16638,1676.47
16637,1124.59
16634,217.9
16633,2878.15
16629,417.73
16628,2183.04
16627,322.8
16626,4379.65
16625,333.08
16624,810.57
16623,129.45
16621,813.48
16620,178.96
16619,204.41
16618,2630.64
16617,151.85
16616,500.42
16614,506.19
16613,618.59
16612,1187.66
16611,120.99
16610,75.66
16609,5450.96
16607,3038.67
16603,482.47
16602,494.73
16601,244.8
16600,813.52
16598,140.7
16597,90.04
16596,250.15
16595,360.16
16594,181.09
16593,330.03
16592,4073.28
16591,213.5
16589,459.24
16587,225.15
16586,463.95
16584,908.03
16583,233.45
16582,313.62
16581,70.44
16579,-30.6
16574,451.44
16573,648.41
16572,999.7
16571,1285.22
16570,3622.95
16569,124.2
16567,865.6
16566,614.01
16565,173.7
16563,1077.74
16561,511.12
16560,816.51
16558,8257.04
16557,281.85
16556,3313.79
16555,285.89
16554,641.55
16553,5664.57
16552,379.73
16551,922.12
16550,2266.25
16549,4154.64
16546,-95.93
16545,339.3
16542,119.62
16539,1388.81
16536,539.02
16535,593.75
16533,1026.94
16532,6748.8
16531,1244.59
16529,455.25
16528,244.41
16527,228.06
16526,290.36
16525,11895.57
16523,9295.67
16520,1036.62
16519,215.08
16518,480.92
16517,162.7
16516,101.7
16515,1627.13
16513,874.59
16511,950.26
16510,248.1
16509,363.7
16506,90.3
16505,777.6
16504,484.38
16503,1421.43
16500,400.86
16499,319.1
16498,86.12
16497,2965.69
16496,1562.22
16495,684.41
16494,826.53
16493,1329.66
16491,731.5
16488,492.2
16485,363.65
16484,379.4
16483,139.35
16482,220.62
16480,769.29
16479,300.83
16478,331
16477,2494.46
16475,544.3
16474,1811.47
16473,314.86
16471,223.95
16470,757.44
16469,650.43
16468,74.9
16466,1603.46
16464,1314.68
16463,1383.7
16462,102
16461,151.42
16460,814.72
16458,3482.74
16457,208.36
16456,2158.37
16455,1841.18
16454,-8.15
16451,266.97
16450,311.92
16449,674.69
16448,188.89
16447,259.01
16446,2.9
16445,230.51
16444,638.77
16442,616.79
16441,381.2
16440,3640.67
16438,798.35
16434,1522.25
16433,184.26
16432,287.4
16431,642.81
16430,300.85
16429,284.55
16428,-2.95
16427,241.06
16426,1908.25
16425,302.7
16424,82.56
16423,346.12
16422,33805.69
16419,959.48
16418,675.27
16416,1026.99
16415,210.35
16414,126.25
16413,262.2
16412,151.83
16411,214.65
16409,2028.88
16407,2126.93
16406,163.07
16405,167.25
16404,443.05
16403,161.05
16402,299.6
16401,4061.24
16400,303.93
16399,408.57
16398,1631.15
16395,1486.9
16394,1412.06
16393,2941.05
16392,221.19
16389,1362.27
16387,94.36
16386,317.2
16385,555.89
16384,584.5
16383,668.36
16380,1780.59
16379,2131.9
16378,362.95
16377,676.2
16376,977.52
16374,473.03
16372,367.93
16370,1320.56
16369,1553.66
16368,497.43
16367,804.49
16366,327.3
16365,1540.42
16364,707.04
16363,109.36
16362,652.07
16361,896.66
16360,3411.69
16359,1460.37
16358,2024.95
16357,658.88
16356,210.32
16354,395.8
16353,6675.71
16352,494.44
16351,153.9
16350,1100.47
16349,53.5
16348,1469.45
16347,887.65
16345,575.41
16344,101.1
16343,370.48
16342,322.41
16341,1959.38
16340,549.07
16339,109.95
16338,214.8
16337,151.05
16333,26626.8
16332,1583.2
16330,242.21
16327,3844.22
16326,3085.96
16325,510.54
16324,428.68
16323,207.5
16322,326.75
16321,230.7
16320,1038.46
16319,404.4
16318,328.15
16317,1341.65
16316,2755.56
16315,226.37
16313,274.15
16311,616.26
16309,686.67
16308,2560
16306,602.27
16305,361.22
16303,5305.83
16302,212.82
16298,598.2
16297,275.4
16295,1328.55
16293,2236.74
16292,280.9
16287,142.5
16284,823.97
16283,1531.51
16282,168.3
16281,2062.06
16279,1496.68
16278,537.83
16276,810.6
16275,559.87
16274,357.95
16272,411.7
16271,1423.29
16270,1141.24
16268,667.65
16266,861.89
16265,5423.15
16262,-31.65
16261,746.83
16260,1035.45
16258,5203.51
16257,46.95
16256,732.63
16255,2609.3
16253,3665.62
16252,-295.09
16250,389.44
16249,1800.07
16248,152.94
16247,114.56
16245,1352.36
16244,1522.75
16243,409.1
16242,3598.26
16241,2607.87
16240,3693.81
16239,372.9
16236,432.2
16235,858.41
16233,422.13
16232,983.23
16230,542.03
16229,1010.6
16227,308.32
16226,255.12
16225,1096.32
16224,1295.3
16222,846.72
16221,864.86
16218,3054.87
16217,259.39
16216,914.93
16215,242.35
16214,1062.75
16213,159
16212,681.19
16211,542.77
16210,21086.3
16209,2262.62
16208,664.26
16207,394.38
16206,537.06
16205,761.38
16204,405.71
16203,589.15
16202,365.27
16201,1821.52
16200,1080.62
16198,400.681
16193,314.45
16191,4913.32
16190,215.08
16189,215.48
16188,981.86
16187,6841.24
16186,3991.94
16185,529.41
16184,1155.54
16183,338.71
16182,6617.65
16181,305.54
16180,10217.48
16179,215.83
16178,197.9
16177,331.95
16175,1037.59
16174,1009.55
16173,1406.57
16172,1140.21
16171,73.2
16170,1880.42
16169,1822.97
16168,3770.6
16164,802.53
16163,441.6
16162,37.4
16161,5352.97
16160,1009.45
16159,348.2
16157,644.24
16156,3024.62
16153,1824.23
16152,1829.04
16150,1906.07
16149,280.52
16148,76.32
16147,375
16146,734.13
16145,3741.98
16144,175.2
16143,2419.84
16142,535.34
16141,620.4
16140,703.77
16139,635.41
16138,-7.95
16136,709.38
16135,517.55
16134,603.69
16133,14305.66
16131,3506.54
16128,1880.22
16127,656.25
16126,6287.77
16125,289.35
16124,187.15
16123,307.78
16122,684.42
16121,867.11
16120,1294.14
16119,423.36
16117,232.21
16116,592.88
16115,1667.97
16114,135.75
16113,161.38
16112,195.74
16110,1337.48
16109,611.88
16108,816.1
16107,3204.16
16106,108.38
16105,336.96
16104,302.36
16103,1429.64
16102,1842.14
16101,1245.96
16099,731.9
16098,2005.63
16097,185.05
16096,320.62
16094,1041.83
16093,17
16092,779.36
16091,315.06
16086,1119.31
16085,981.51
16084,436.18
16083,1317.62
16081,2806.9
16080,176.6
16079,1352
16078,79.2
16076,2173.53
16073,94.35
16072,584.32
16071,326.24
16070,852.15
16066,1521.87
16065,372.09
16063,335.32
16062,1153.62
16061,-29.95
16059,1459.86
16057,2140.22
16056,664.85
16055,134.8
16054,783.9
16053,1511.95
16052,362.06
16050,137.9
16049,1111.79
16048,243.69
16045,1340.7
16043,773.99
16042,1147.37
16041,3166.4
16040,1313.55
16038,454.33
16037,855.02
16036,758.92
16034,437.7
16033,8727.61
16031,548.94
16030,331.24
16029,50992.61
16027,852.12
16026,236.09
16025,439.66
16024,251.24
16023,719.81
16022,628.28
16020,851.01
16019,3450.24
16018,408.9
16017,211.88
16016,1483.31
16015,690.54
16014,653.13
16013,33366.25
16012,1415.29
16011,3362.71
16010,407.5
16009,992.71
16008,478.78
16007,1701.94
16006,101.4
16005,615.39
16003,2735.37
16000,12393.7
15998,3084.17
15996,1044.78
15994,427.07
15993,2756.82
15992,41.99
15990,792.11
15988,158.03
15987,1451.28
15986,168.12
15985,1037.42
15984,2816.97
15983,1475.02
15981,3408.48
15980,2398.86
15978,1098.78
15977,1054.73
15976,430.94
15975,371.01
15974,3429.55
15973,99.77
15971,4199.85
15970,314.1
15969,582.9
15967,418.83
15965,845.64
15963,470.76
15958,104.35
15957,428.89
15955,4389.81
15953,1634.53
15952,806.57
15951,669.57
15950,1705.26
15949,364.72
15948,955.24
15947,1708.24
15945,181
15944,325.1
15942,337.44
15940,31.8
15939,6102.26
15938,404.58
15937,145.35
15935,416.86
15933,1107.46
15932,2461.85
15930,426.63
15925,207.15
15923,127.08
15922,363.6
15921,336.03
15920,167.5
15919,639.89
15918,334.23
15917,123.1
15916,1491.24
15912,264.62
15910,1232.18
15909,191.94
15907,967.45
15906,1521.79
15904,164.68
15903,5126.34
15901,363.88
15900,351.11
15899,56.25
15898,1384.68
15897,222.05
15895,179.17
15894,263.55
15891,524.52
15889,446.87
15888,141.27
15886,181.09
15885,379.35
15883,396.48
15882,495.36
15881,438.24
15880,313.28
15877,440.78
15874,4330.67
15872,360.93
15870,354.09
15869,149.64
15867,3797.79
15866,230.53
15865,895.13
15864,1769.78
15863,68.84
15862,832.88
15861,3000.36
15860,977.21
15858,1438.85
15857,297
15856,16173.67
15855,712.24
15854,2974.65
15853,110.8
15852,160.71
15850,238.85
15847,389.27
15845,3650.87
15844,130.74
15843,118.95
15841,1209.1
15840,345.66
15839,1020.74
15838,33350.76
15837,391.98
15836,117.47
15835,954.09
15834,2084.9
15832,836.79
15831,747.76
15830,547.7
15829,636.14
15827,1641.48
15826,1649.36
15825,532.94
15823,-840.76
15822,885.47
15821,570.96
15820,206.98
15819,1905.45
15815,2100.6
15814,1842.73
15813,1303.91
15812,1801.14
15811,2171.32
15810,1145.43
15809,399.21
15808,3724.77
15807,903.9
15806,784.58
15805,5452.17
15804,3848.55
15803,415.82
15802,-451.42
15801,1042.19
15800,699.08
15799,884.14
15797,2207.4
15796,2666.61
15795,610.01
15793,948.96
15791,1604.44
15790,220.85
15789,351.3
15787,948.05
15786,4834.2
15785,2303.75
15783,246.3
15782,2593.94
15781,333.56
15780,475.28
15777,1021.61
15776,241.62
15775,104.9
15774,270.8
15773,635.68
15769,51823.72
15768,581.83
15766,315.06
15764,3245.47
15763,1048.67
15762,583.75
15759,253.04
15758,205.25
15757,714.42
15756,532.96
15755,2318.88
15754,455.67
15753,79.2
15752,2628.93
15750,2451.23
15749,21535.9
15748,149.31
15747,974.04
15746,182.96
15745,1071.24
15744,34.8
15743,784.46
15740,154.88
15739,449.12
15738,4788.77
15737,1121.21
15734,1339.45
15733,162.3
15732,294.12
15730,1108.38
15729,62
15728,-134.8
15727,5178.96
15725,415.25
15724,212.3
15723,203.1
15722,2181.21
15721,507.08
15720,598.73
15719,5043.96
15717,150.3
15716,1118.81
15714,330.88
15713,346.75
15712,1072.36
15709,133.25
15708,3329.72
15707,945.58
15706,1001.81
15705,143.1
15704,2293.62
15703,211.5
15701,1542.14
15700,664.03
15699,309.65
15696,2644.46
15695,409.98
15694,6423.6
15692,191.04
15691,136.8
15690,239.76
15689,254.1
15687,2981.5
15683,193.75
15681,946.36
15680,1333.68
15679,781.28
15678,352.7
15677,657.23
15676,3324.09
15675,323.69
15674,1744.02
15673,2881.02
15671,2635.49
15670,173.05
15669,677.69
15668,76.32
15667,301.32
15665,2242.01
15664,358.63
15663,138.14
15661,309.8
15660,1552.01
15659,306.45
15658,958.9
15657,30
15656,748.5
15655,511.32
15654,922.53
15653,877.44
15652,337.74
15651,646.3
15649,816
15648,599.9
15646,425.14
15645,612.01
15644,813
15643,647.4
15641,1887.2
15640,12433.34
15639,425.32
15638,-94
15637,223.36
15636,724.76
15634,243.55
15632,3147.31
15630,1180.4
15628,2865.64
15626,675.8
15625,1504.56
15624,588.13
15623,301.03
15622,3224.53
15621,1158.77
15620,1524.4
15619,336.4
15618,747.031
15615,10360.04
15612,195.15
15611,1568.39
15610,112.46
15609,270.03
15608,1093.68
15607,104.76
15606,2422.64
15605,1198.23
15604,216.39
15603,48.48
15602,1083.63
15601,6745.36
15599,761.74
15598,235.68
15597,315.72
15596,1343.34
15594,1767.53
15593,199.8
15592,388.58
15590,-30.19
15589,456.58
15587,913.68
15585,455.3
15584,722.61
15582,682.91
15581,3429.97
15579,348.6
15578,127.1
15577,258.88
15576,940.67
15574,702.25
15573,607.45
15572,2552.86
15571,650.43
15570,4109.97
15569,1375.71
15568,758.29
15567,186.01
15565,173.16
15563,1319.69
15562,134.55
15561,722.74
15557,473.65
15556,279.77
15555,4758.2
15554,217.2
15553,437.23
15552,90.12
15551,436.06
15550,575.63
15549,1655.76
15547,4954.84
15545,292.72
15544,3542.51
15543,127.86
15541,85.13
15540,213.3
15539,538.46
15537,110.92
15535,459.9
15533,746.92
15532,1517.08
15531,2007.44
15530,1502.35
15529,3967.78
15528,229.33
15527,2348.82
15526,148.44
15525,811.02
15524,440
15523,412.01
15522,398.84
15521,2574.65
15520,343.5
15518,1911.89
15517,267.03
15516,62.43
15514,2963.19
15513,14520.08
15512,121
15511,909.23
15510,250
15508,1000.27
15507,492.36
15506,979.26
15505,3497.14
15504,52.83
15503,147.09
15502,5541.46
15500,1131.56
15498,12396.46
15497,1259.7
15494,1299.23
15493,1967.25
15492,659.46
15491,3090.85
15489,1090.03
15488,91.32
15485,2575
15484,3563.11
15483,233.81
15482,6568.72
15480,905.5
15478,1441.42
15475,454.11
15473,1465.2
15472,371.56
15471,469.48
15469,504.5
15468,438.46
15467,511.88
15466,334.53
15465,6945.02
15464,1048.85
15463,126.14
15462,234.6
15460,216.76
15458,161.64
15457,237.07
15456,447.22
15454,179.1
15453,1388.37
15452,538.73
15450,429.84
15449,971.22
15448,494.64
15447,155.17
15445,113.5
15444,1418.26
15443,3212.16
15442,594
15440,383.68
15438,156.58
15437,200.16
15436,1122.53
15435,149.29
15434,997.48
15433,417.87
15432,171.19
15429,364.9
15428,93.78
15427,1483.14
15426,1429.9
15424,383.34
15423,43.5
15422,97.7
15421,950.36
15419,135.86
15417,508.8
15416,3974.37
15415,572.81
15414,774.9
15412,190.53
15411,1346.38
15410,3450.84
15408,267.18
15407,1056.44
15406,426.61
15405,349.1
15402,626.77
15400,666.7
15399,815.77
15398,1339.63
15397,94
15396,288.18
15395,107.45
15394,2183.54
15393,231.86
15392,1515.73
15389,500
15388,140.54
15386,394.14
15385,316.88
15384,635.76
15382,5927.86
15381,596.85
15380,1682.36
15379,3631.89
15376,1233.36
15374,168
15373,2213.11
15372,2007.4
15370,2360.55
15369,-1592.49
15368,446.94
15367,1867.69
15366,602.51
15365,1330.45
15364,913.19
15363,318.05
15361,418.92
15360,427.93
15358,8234.8
15356,2766.5
15355,277.05
15353,777.02
15351,1862.14
15350,115.65
15349,473.81
15348,158.04
15347,201.6
15346,252.42
15345,367.69
15344,476.58
15343,364.5
15342,391.76
15341,2020.52
15339,557.57
15335,173.97
15334,351.67
15333,1028.56
15332,1661.06
15330,714.96
15329,1005.5
15327,208.75
15326,311.71
15325,162.29
15322,602.97
15321,2650.73
15320,267.13
15319,204.5
15318,312.62
15316,165
15315,551.54
15314,327.97
15313,52
15312,921.1
15311,59419.34
15308,302.27
15307,205.3
15306,1174.35
15304,680.3
15303,574.02
15301,5028.12
15300,496.44
15299,3787.09
15298,3774.1
15297,635.04
15296,3610.31
15292,180.94
15291,4596.51
15290,7803.77
15289,935.1
15288,2306.52
15287,485.24
15286,240.55
15281,2239.95
15280,113.12
15279,277.41
15277,255.9
15276,135.31
15275,609.19
15274,716.57
15272,721.94
15271,2485.82
15270,2298.2
15269,408.8
15267,1717.36
15266,119.3
15265,1506.12
15264,393.74
15263,156.51
15262,178.95
15261,254.82
15260,1780.77
15258,623.16
15257,232.15
15256,98.45
15255,890.85
15254,300.36
15253,915.3
15252,740.78
15251,10327.11
15249,6657.36
15247,356
15246,514.15
15245,2515.84
15244,631.57
15243,316.68
15241,1738.59
15240,1685.57
15239,764.34
15238,1056.54
15237,1412.32
15236,321.05
15235,2247.51
15234,197
15232,612.06
15230,429.6
15228,3376.96
15227,1219.4
15226,154.41
15225,409.4
15224,310.48
15223,454.9
15222,585
15221,114.1
15220,1758.92
15219,305.75
15218,5756.89
15216,96.6
15215,615.99
15214,1661.44
15213,325.05
15212,88.95
15211,894.41
15210,331.18
15208,867.62
15206,420.3
15205,648.83
15204,316.58
15203,1827.8
15201,927.84
15199,1268.7
15198,193.64
15197,656.44
15195,3861
15194,7521.17
15193,499.32
15192,1044.32
15189,15802.14
15187,4670.08
15186,411.41
15185,310.62
15184,406.76
15182,622.85
15181,680.28
15180,87.5
15179,2186.2
15178,40.5
15175,224.14
15174,135.75
15172,1624.05
15171,1034.5
15168,106.56
15167,163
15165,487.75
15164,843.05
15163,304.47
15160,158.16
15159,18573.68
15158,401.4
15157,1869.5
15156,961.49
15154,240.27
15153,329.25
15152,4684.24
15150,5303.97
15149,520.8
15148,301.29
15147,608.65
15146,1313.66
15145,1194.73
15144,6530.04
15143,259.45
15142,498.74
15140,2350
15139,178.96
15136,1282.45
15135,127.15
15134,1387.99
15133,982.42
15132,977.93
15130,330.11
15129,3447.4
15128,1419.54
15127,406.53
15125,11117.05
15124,184.19
15123,2199.31
15122,1612.13
15121,457.72
15120,343.82
15119,266.4
15118,244.8
15117,1550.13
15116,1352.75
15115,340.11
15114,2760.56
15113,3439.41
15111,1567.48
15110,970.25
15109,463.75
15108,1291.75
15107,247.66
15106,1407.73
15105,2298.93
15104,1002.54
15103,703.36
15101,310.03
15100,635.1
15099,410.48
15098,649.5
15097,248.08
15096,219.39
15095,1364.7
15093,4410.14
15092,457.81
15091,476.96
15090,381.32
15089,2420.84
15088,1140.27
15087,306.94
15083,88.2
15081,487.35
15079,893.66
15078,9623.35
15076,880.85
15075,773.03
15074,748.87
15073,612.43
15071,982.07
15070,106.2
15069,1109.53
15068,553.36
15067,1744.76
15066,760.59
15065,3135.98
15063,370.8
15062,987.86
15061,54228.74
15060,303.09
15059,1325.82
15058,2124.99
15057,1489.5
15054,302.1
15053,697.79
15052,215.78
15051,1391.61
15050,1727.17
15049,121.17
15048,380.57
15047,343.62
15046,5064.01
15045,633.66
15044,7629.38
15043,537
15042,135.93
15041,180.35
15039,19786.44
15038,665.59
15036,465.55
15035,252.73
15034,4277.66
15033,2571.02
15032,4464.1
15031,668.14
15030,518.28
15028,627.13
15027,1051.95
15026,469
15025,377.01
15024,1661.33
15023,6763.16
15022,905.04
15021,1872.28
15019,266
15018,456.26
15017,125.58
15016,170.04
15014,260.17
15012,423.04
15010,308.94
15009,1261.78
15007,156.91
15006,502.09
15005,6180.49
15004,1246.32
15002,1641.76
15000,490.52
14998,429.87
14997,540.98
14995,233.23
14988,334.54
14987,326.4
14985,296.75
14984,213.27
14981,102.12
14978,1931.42
14976,765.86
14975,279.94
14974,114.39
14973,1314.45
14972,114.77
14971,1116.57
14970,1592.06
14968,147.59
14967,463.8
14966,191.32
14965,599
14964,206.21
14963,1487.8
14962,126.7
14961,7006.58
14960,221.27
14959,684.97
14958,499.68
14957,58.49
14954,336.17
14953,289.82
14952,7912.79
14951,311.69
14950,361.25
14948,1066.57
14947,290.82
14946,100.9
14944,5842.95
14937,1617.63
14936,8117.42
14935,1784.71
14934,1888.84
14932,363.53
14931,964.68
14930,2372.86
14929,223.88
14924,310.05
14923,749.1
14921,1316.07
14920,977.77
14918,1610.15
14916,1264.84
14915,258.83
14913,1227.43
14912,841.52
14911,132572.62
14910,389.86
14908,277.8
14907,3478.85
14905,599.9
14904,1025.44
14903,2744.48
14902,314.11
14901,1414.99
14898,1228.32
14897,1366.38
14896,468.77
14895,11020.26
14894,655.75
14893,1237.85
14891,554.38
14890,125.65
14889,135.9
14888,369.2
14887,1862
14886,364.8
14885,765.32
14883,756.64
14882,589.7
14881,255.4
14880,706.19
14878,1485.54
14875,1448.72
14873,519.68
14871,522.38
14870,327.25
14869,721.95
14868,2939.64
14867,701.33
14866,14197.45
14865,52.2
14863,266.76
14862,841.2
14861,125.79
14860,168.62
14859,1352.04
14857,1165.65
14856,1311.38
14855,645.65
14854,2749.89
14853,463.05
14852,2836.69
14851,511.35
14850,278.15
14849,7904.28
14847,309.4
14844,3189.81
14842,2456.8
14841,3295.76
14840,62.85
14837,1641.2
14836,102.45
14834,1698.35
14830,197.13
14829,644.65
14828,2139.76
14825,2226.91
14824,1127.71
14823,321.43
14821,48.8
14820,507.29
14819,272.07
14818,657.8
14817,1110.34
14816,271.85
14815,778.5
14813,155.43
14810,2087.88
14808,2175.37
14806,193.39
14805,554.65
14804,353.27
14803,845.55
14801,193.14
14800,4236.34
14799,157.7
14798,173.74
14796,7839.51
14795,131.45
14794,1272.11
14793,214.14
14792,0
14790,745.06
14789,197.64
14788,679.44
14785,77.4
14784,289.99
14782,200.1
14780,447.68
14779,386.15
14778,730.86
14777,-17.45
14776,2195.58
14775,1011.9
14772,139.26
14770,876.42
14769,10641.6
14768,139.5
14766,2423.07
14765,254.11
14764,250.55
14762,300.52
14761,255.9
14760,53.8
14759,1625.97
14758,1484.06
14757,420.5
14756,738.96
14755,4965.38
14754,638.05
14753,563.15
14752,389.64
14748,1311.79
14747,294.3
14745,1167.16
14744,1088.53
14741,1400.34
14740,1423.21
14739,3899.1
14738,1289.94
14737,1164.55
14735,5807.69
14733,9451.54
14732,2686.34
14731,380.02
14730,2005.06
14729,313.49
14727,268.58
14725,718.08
14723,1158.3
14722,187.92
14720,663.81
14719,1592.18
14716,329.68
14715,867.38
14714,160.19
14713,2664.26
14712,917.07
14711,2838.2
14710,606.13
14709,4911.14
14708,1096.67
14705,179
14704,1546.91
14703,318.17
14702,3250.64
14701,2486.22
14700,2235.3
14699,109.13
14698,1250.76
14697,188.61
14696,2070.97
14693,172.9
14692,582.05
14691,2114.33
14690,358.61
14689,112.8
14688,5107.38
14687,628.38
14684,1236.28
14682,52
14681,498.95
14680,26932.34
14679,-2.55
14676,2543.24
14675,604.75
14673,1736.4
14672,765.55
14670,411.53
14669,1269.99
14667,9231.2
14666,195.25
14665,1258.38
14664,637.89
14662,771.17
14661,107.95
14660,285.74
14659,2456.53
14658,247.15
14657,838.27
14656,291.05
14655,1930.15
14653,1947.55
14652,114.18
14651,654.6
14649,1417.29
14647,243.22
14646,279489.02
14645,597.09
14644,780.46
14643,668.61
14642,96.12
14641,110.46
14640,2042.15
14639,2952.34
14638,443.6
14636,609.85
14633,344.9
14632,114.56
14631,1006.98
14629,939.21
14628,671.96
14627,-21.85
14626,2757.07
14625,848.48
14624,225.85
14623,869.35
14622,320.58
14621,1765.76
14620,393.28
14619,379.51
14618,538.59
14616,406.08
14609,601.56
14608,1785.15
14607,11341.1
14606,11713.85
14603,660
14601,213.96
14600,393.33
14598,221.97
14597,883.15
14595,1740.6
14594,379.83
14593,617.99
14592,570.46
14591,1447.14
14589,39.75
14587,1598.24
14586,134.16
14585,157.05
14584,1029.26
14583,1052.55
14582,114.11
14581,138.6
14578,168.63
14577,859.71
14576,35.4
14573,1603.72
14572,2803.69
14570,218.06
14569,227.39
14567,1524.46
14566,1432
14565,3073.77
14562,4709.22
14561,1080.76
14560,2174.18
14557,2.27E-13
14555,324.14
14554,2381.04
14553,859.27
14552,165.07
14551,186.23
14550,765.62
14549,289.24
14548,652.8
14547,3986.74
14546,2487.02
14544,2024.45
14543,2916.17
14542,103.25
14541,1461.65
14540,996.26
14539,537.48
14538,388.25
14537,355.56
14536,171.8
14535,2841.09
14534,4075.35
14533,1812.62
14532,932.85
14530,2925.91
14529,620.04
14528,364.22
14527,7711.38
14525,4221.37
14524,1867.68
14523,241.09
14522,974.54
14520,270.6
14518,174.37
14517,330.45
14515,2102.09
14514,1055.35
14513,438.49
14512,275.28
14511,1267.41
14508,276.42
14507,1368.18
14506,2012.17
14505,5818.7
14504,673.26
14503,3543.26
14502,2351.02
14501,190.31
14500,356.85
14499,815.32
14498,1957.32
14497,457.47
14496,538.81
14495,123.8
14494,139.56
14493,2362.84
14491,340.93
14489,463.38
14488,1047.43
14487,1183.58
14485,165.75
14484,321.92
14483,129.2
14482,2068.15
14481,636.51
14480,279.05
14479,316.25
14477,1307.81
14476,215.7
14475,799.82
14474,537.71
14473,234.34
14472,1936.84
14470,461.19
14467,598.76
14466,2272.4
14465,1058.62
14463,529.62
14462,1965.9
14461,2103.06
14460,383.34
14459,1837.92
14457,113.64
14456,3047.63
14453,119.93
14452,264.44
14451,662.59
14450,483.25
14449,907.1
14448,375.35
14447,1163.23
14446,1039.58
14443,1400.88
14442,1544.62
14441,1545.14
14440,2357.68
14439,2661.24
14438,131.9
14437,-43.4
14436,89.06
14434,1372.8
14432,2255.51
14431,397.76
14428,1230.14
14427,363.34
14426,3918.9
14424,322.08
14423,265.2
14422,4263.64
14421,813.11
14420,385.87
14419,1058.06
14418,1937.25
14416,490.22
14415,5811.56
14414,1485.13
14413,122.7
14412,761.33
14411,1063
14410,576.3
14409,1908.25
14408,2606.53
14407,2111.08
14406,156.75
14404,1434.72
14403,1426.31
14401,4039.98
14400,559.7
14397,2556.68
14396,487.99
14395,3471.91
14393,67.95
14390,4592.47
14389,999.72
14388,3172.04
14387,1770.56
14386,142.4
14385,202.11
14383,1247.69
14382,626.07
14381,202.68
14379,348.1
14377,617.05
14375,257.68
14373,76.55
14371,100.5
14368,155
14367,9167.82
14364,3717.35
14362,161.2
14360,2128.23
14359,882.58
14357,225.77
14356,666.94
14355,174.4
14354,163.62
14353,90.6
14352,1078.96
14351,51
14350,258.7
14349,133.5
14348,409.57
14346,1021.58
14345,108.98
14344,889.93
14342,607.71
14341,2166.38
14340,134.7
14339,289.91
14338,554.22
14336,1614.91
14335,468.26
14334,2539.46
14333,351.45
14332,866.31
14331,462.66
14329,4928.74
14327,311.65
14326,166.85
14323,574.26
14321,1530.75
14320,343.11
14317,508.58
14315,2456.98
14314,120
14312,1611.59
14311,229.71
14309,2319.68
14307,2995.72
14306,2083.42
14305,1803.76
14304,197.1
14301,632.04
14300,43.2
14299,2855.35
14298,50862.44
14297,1284.06
14295,154.7
14293,1046.56
14292,4819.33
14291,3873.3
14290,2307.45
14289,911.26
14288,413.85
14287,151.23
14286,4595.81
14285,1910.01
14284,578.45
14282,3729.34
14280,134.04
14277,3957
14276,1019.39
14273,559.97
14272,437.96
14271,112.32
14270,492.65
14267,1279.09
14265,530.18
14264,319.47
14262,2618.23
14261,1163.45
14259,120
14258,12650.08
14257,3087.27
14256,935.06
14251,2879.7
14250,1904.05
14248,302.58
14247,136.77
14246,1474.06
14245,1677.48
14243,2535.88
14242,280.55
14241,213.7
14240,890.34
14239,2323.5
14238,146.85
14237,161
14236,490.86
14235,3093.86
14234,775.46
14233,1447.51
14232,2043.93
14231,822.06
14229,1450.6
14227,3315.71
14226,2201.64
14224,1050.12
14223,975.23
14222,683.17
14221,3427.85
14220,632.4
14219,89.94
14218,169.48
14217,1925.36
14216,1839.3
14215,1777.92
14214,1000.23
14213,-1192.2
14212,1070.48
14211,2208.3
14210,1900.89
14209,2067.13
14208,151.74
14206,308.26
14205,218.78
14204,161.03
14201,688.04
14199,185.4
14198,663.5
14196,335.52
14195,962.7
14194,11216.75
14193,853.39
14191,4660.01
14189,4604.31
14188,2018.91
14185,197.65
14184,452.89
14180,4640.77
14179,719.78
14178,1620.93
14177,554.46
14176,574
14175,3108.06
14174,134.46
14173,450.84
14171,363.79
14167,574.84
14165,122.54
14164,1631.77
14163,2445.91
14162,289.36
14161,1110.52
14159,4678.3
14158,507.66
14157,400.43
14156,113384.14
14155,118.75
14154,1345.62
14152,611.09
14150,658.64
14149,259.43
14148,157.2
14147,468.4
14146,2949.57
14145,3148.2
14143,115.8
14142,311.81
14141,879.03
14140,920.05
14139,415.82
14138,982.38
14135,4690.31
14133,590.34
14132,3580.13
14130,483.86
14129,1123.86
14128,637.5
14127,709.71
14126,643.63
14125,2740.43
14124,419.58
14121,2740.3
14119,-19.9
14117,90
14116,1382.74
14114,386.53
14113,1377.92
14112,2774.17
14111,688.6
14110,5669.65
14109,80.2
14108,594.16
14107,2688.48
14105,1260.33
14104,216.21
14102,1314.73
14101,5976.79
14100,194.9
14099,3092.97
14098,147.35
14096,57120.91
14093,442.85
14092,4063.1
14090,76.32
14089,161
14088,50415.49
14087,181.67
14085,4435.79
14083,1018.43
14082,182.25
14081,904.67
14080,45.6
14079,375.1
14078,1049.37
14077,499.42
14076,122.47
14075,942.26
14073,139.54
14071,1307.41
14068,265.85
14067,374.7
14066,152.55
14064,1188.32
14062,10464.85
14060,6135.38
14059,183.6
14057,6147.4
14056,8124.4
14055,725.64
14054,92.46
14053,260.25
14052,225.36
14051,15477.34
14050,746.36
14049,5639.15
14048,375.13
14047,1290.01
14046,154.99
14045,1659.75
14044,652.82
14041,141.41
14040,3542.19
14039,152.2
14038,1554.48
14037,147.2
14036,626.65
14035,1428.02
14034,512.02
14032,2929.84
14031,14634.64
14030,2360.09
14029,467.66
14027,104.82
14024,327.7
14023,584.07
14022,440
14021,631.9
14020,642.8
14019,1398.96
14016,4328.46
14015,917.34
14014,505.18
14013,473.02
14012,328.8
14009,685.93
14006,962.19
14005,2874.72
14004,4582.64
14002,529.73
14001,2030.33
14000,633.71
13999,3865.26
13995,1383.49
13994,2313.14
13993,3409.66
13992,76.8
13991,850.63
13990,311.3
13989,1266.08
13988,4098.8
13986,320.46
13985,7024.53
13984,488.03
13983,2590.46
13982,1861.11
13980,200.14
13979,869.87
13978,196.79
13976,357.98
13975,2503.23
13974,413.59
13973,264.7
13972,190.25
13971,2702.22
13969,8986.69
13967,80.7
13963,664.54
13962,169.55
13960,230.22
13959,598.2
13958,-102.45
13956,1026.42
13955,322.96
13954,378.59
13953,3515.68
13952,3246.091
13951,674.45
13950,728.56
13949,2427.32
13948,102
13947,90.6
13946,561.57
13941,4912.41
13940,839.14
13939,556.75
13938,71.66
13937,158.85
13936,361.28
13934,922.1
13933,608.79
13932,307.4
13931,1230.93
13930,337.34
13929,802.85
13928,464.57
13927,348.99
13926,223.85
13925,616.65
13924,1682.08
13923,351.13
13922,172.25
13919,350.16
13918,1212.84
13917,272.04
13914,613.95
13911,2580.91
13908,2347.05
13904,332.64
13901,2867.2
13900,740.95
13899,388.52
13898,155.93
13897,311.16
13895,2588.12
13894,535.97
13893,821.1
13892,632.97
13890,1860.86
13889,416.9
13888,605.63
13887,349.55
13886,243.56
13885,506.8
13884,781.3
13883,2538.75
13882,1131.28
13881,16989.52
13880,3219.77
13878,1281.53
13877,117.24
13876,122.7
13875,1786.79
13874,540.45
13873,381.7
13871,6389.8
13870,2751.25
13869,3104.95
13868,3192.54
13867,1015.29
13866,145.67
13865,501.56
13863,299.56
13862,2187.31
13860,1240
13859,201.16
13858,216.17
13856,363.4
13854,8025.02
13853,1056.94
13851,2651.46
13850,1586.81
13849,1537.95
13848,1255
13846,847.61
13845,312.98
13844,361.62
13842,3385.62
13841,85
13838,691.73
13837,271.24
13835,834.57
13833,384.8
13832,40.95
13831,2202.99
13829,-102
13828,209.49
13827,412.05
13826,174.65
13824,1698.94
13823,957.66
13822,632
13821,385.64
13819,1140.35
13817,382.98
13816,555.04
13815,4014.91
13814,1562.12
13813,1353.41
13812,539
13811,591.75
13810,899.51
13809,155.05
13808,1747.66
13807,112.6
13806,256.38
13805,924.6
13804,2635.79
13803,277.07
13802,3906.27
13801,324.8
13800,558.32
13799,688.86
13798,36351.42
13792,195.55
13791,1047.68
13790,348.8
13787,309.04
13786,230.4
13784,2462.79
13782,912
13781,127.84
13780,360.01
13778,178.7
13777,25748.35
13774,345
13772,1132.13
13771,2631.7
13769,2771.87
13767,16945.71
13764,1521.76
13763,1689.46
13762,0
13761,1070.65
13760,286.79
13759,659.41
13758,3190.55
13756,5145.12
13755,2154.68
13754,282.6
13753,741.26
13752,1186.28
13751,296.25
13750,1647.26
13748,948.25
13747,79.6
13745,291.54
13744,1156.36
13743,1340.15
13742,3102.42
13741,666.33
13740,350.75
13739,216.9
13737,339.6
13736,724
13735,2766.18
13732,491.86
13731,610.59
13730,752.6
13728,1016.14
13727,333.48
13726,1079.66
13725,1809.81
13723,199.85
13722,2369.16
13721,524.14
13720,799.9
13719,1041.68
13718,306.55
13717,1432.26
13716,138.28
13715,1053.94
13712,228.84
13711,252.06
13710,180.48
13709,6249.11
13708,296.88
13707,806.41
13706,330.79
13705,711.86
13704,2295.31
13703,99.5
13700,2265.12
13699,308.58
13697,151.3
13695,2504.13
13694,62653.1
13693,-32
13692,1466.87
13690,172.25
13689,910
13686,72
13685,3119.44
13684,64.23
13682,59.5
13681,827.83
13680,2202.31
13678,232.6
13675,486.82
13673,396.92
13672,-71.46
13670,349.7
13669,218.55
13668,6216.07
13667,305.02
13666,84.65
13663,189.47
13662,879.08
13659,1550.85
13658,2421.47
13657,382.14
13656,379.65
13655,932.97
13654,2707.33
13652,1095.08
13651,94.2
13650,1809.34
13649,346.6
13647,1670.22
13645,252.1
13644,2597.52
13643,519.44
13642,354.8
13639,1033.34
13638,122.64
13637,810.5
13636,941.62
13635,1071.03
13634,1575.16
13632,2117.02
13631,3021.77
13630,1995.68
13629,7792.36
13627,1624.02
13626,257.23
13623,672.44
13621,213.85
13618,177.34
13617,544.18
13615,399.99
13614,1610.46
13611,1158.2
13610,1115.43
13607,678.01
13606,280.54
13603,164.34
13602,428.89
13601,693.32
13600,219.52
13599,5030.6
13598,167.42
13596,697.04
13594,396.97
13593,1990.28
13592,247.96
13591,1117.13
13590,1976.12
13589,379.65
13588,2445.12
13587,347
13584,142.4
13583,781.03
13581,118
13579,467.04
13577,1658.3
13576,6703.3
13575,732.07
13573,294.4
13572,1384.25
13571,2092.32
13570,239.49
13569,373.75
13568,192.85
13566,874.71
13565,240.22
13564,647.74
13563,777.53
13562,1799.33
13561,141.86
13560,174.37
13558,605.06
13557,584.06
13555,4149.28
13552,3539.53
13551,91.8
13549,916.12
13548,682.41
13546,626.99
13544,291.41
13539,605.84
13538,1280.85
13536,3448.29
13534,5613.08
13533,270.79
13532,210.31
13531,483.8
13529,307.76
13527,2263.76
13525,628.78
13524,680.18
13523,3755.38
13522,125.8
13521,1093.65
13520,3487.75
13519,110.8
13518,659.44
13517,2109.07
13516,1389.41
13515,891.12
13514,152.2
13513,205.1
13512,251.21
13510,1785.16
13509,979.72
13508,110.97
13507,2479.16
13506,452.82
13505,4282.88
13504,295.93
13503,216.85
13502,292
13501,1310.47
13500,1136.77
13499,1146.96
13497,321.05
13496,617.93
13495,1990.12
13494,316.26
13493,618.63
13492,1269.84
13491,1215.82
13489,449.52
13488,8910.61
13487,575.4
13486,1122.41
13485,454.24
13484,313.8
13483,140.34
13482,184.64
13481,1776.81
13479,291
13477,1441.53
13476,1092.77
13475,1431.78
13474,229.59
13473,417.54
13471,2531.58
13470,165
13468,5656.75
13467,1083.71
13466,297.95
13464,674.68
13462,143.25
13461,1445
13460,183.44
13458,9537.92
13456,1737.82
13455,1007.35
13453,356.98
13452,590
13451,2916.45
13450,2043.72
13449,291.88
13448,3465.67
13447,1104.23
13441,296.64
13439,283.71
13437,3408.06
13436,196.89
13435,3794.49
13434,534.24
13431,1269.1
13430,648.69
13429,1006.8
13428,218.47
13427,582.6
13426,3550.7
13425,1624.21
13422,2601.55
13421,1848.98
13420,140.35
13419,221.06
13418,5845.44
13417,640.83
13416,712.5
13414,1390.5
13411,213.55
13410,988.91
13408,27487.41
13405,572.451
13404,252.49
13403,75
13402,621.23
13398,457.34
13397,1539.18
13396,1325.29
13395,307.72
13394,2312.8
13391,59.8
13390,544.08
13389,797.96
13388,627.15
13385,534.57
13384,4122.28
13382,222.99
13381,3626.81
13379,572.56
13376,1019.76
13375,772.9
13373,3312.25
13372,378.64
13370,721.32
13369,263.75
13368,623.4
13366,56.16
13365,2191.22
13364,0
13363,992.5
13362,3085.49
13359,431.26
13358,439.03
13357,609.95
13356,768.24
13355,674.7
13354,743.53
13352,389.28
13351,373.94
13350,910.72
13349,247.32
13348,233.76
13347,341.36
13345,377.6
13344,2543.72
13343,303.93
13341,775.85
13340,10736.48
13339,860.12
13338,431.82
13336,795.12
13334,3536.82
13332,350.9
13330,1140.93
13329,740.4
13328,1308.48
13327,3617.57
13325,675.3
13324,7072.8
13323,787.85
13322,199.48
13321,567.36
13320,1491.7
13319,10664.34
13318,640.76
13317,2140.07
13316,5815.49
13314,578.66
13313,1555.32
13311,598.57
13310,1083.63
13309,1456.79
13308,1367.61
13307,15
13305,2000.86
13304,300.42
13302,63.75
13301,618.09
13300,365.29
13299,142.5
13298,360
13297,2089.85
13296,87.4
13295,197.95
13294,873.74
13292,578.94
13291,361.11
13285,2709.12
13284,196.15
13283,93.66
13282,1047.84
13280,814.86
13279,126.3
13278,542.73
13277,258.4
13276,590.93
13273,138.98
13272,276.56
13271,178.26
13270,590
13269,5315.92
13268,3167.64
13267,4404.44
13266,3717.67
13265,2107.66
13263,7454.07
13262,200.29
13261,944.1
13260,557.62
13259,292.32
13258,698.58
13256,0
13255,390.66
13253,1030.4
13249,711.41
13248,465.68
13247,501.12
13246,1922.1
13245,430.5
13244,121.74
13243,600.07
13242,270.4
13240,663.65
13239,329.56
13238,680.83
13236,727.27
13235,101.17
13233,605.12
13232,1357.6
13230,2763.41
13229,160.95
13228,358
13227,257.7
13226,108.21
13225,6083.04
13224,2150.85
13223,163.2
13221,847.41
13220,819.29
13218,62.64
13217,133.62
13216,333.74
13213,1518.43
13212,780.58
13211,1197.42
13210,353.48
13209,5820.16
13208,1205.9
13207,250.26
13203,869.46
13200,870.09
13199,9803.96
13198,3384.09
13196,1797.78
13194,60.7
13193,117.88
13192,911.94
13189,260.68
13188,114.6
13187,236.02
13186,1539.69
13185,71.4
13184,1648.79
13183,3957.78
13182,121.18
13178,5725.47
13177,282.45
13176,492.84
13174,2817.03
13173,353.65
13171,426.81
13170,116.01
13169,712.88
13168,1310.14
13167,791.33
13166,414.7
13165,1021.48
13162,1644.99
13161,112.75
13160,91.8
13159,1379.75
13158,1201.06
13157,1721.57
13155,971.76
13154,-611.86
13153,486.22
13151,1250.37
13149,1676.06
13148,3348.48
13147,712.8
13146,228.91
13145,614.77
13144,110.95
13142,307.09
13141,2385.8
13140,423.72
13139,5055.79
13138,962.39
13137,3605.08
13136,2545.38
13135,3096
13134,1740.63
13133,109.8
13132,77.3
13131,1039.3
13130,64
13127,259.17
13126,2056.29
13124,3866.33
13122,922.39
13121,254.73
13120,30.6
13118,1125
13117,984.91
13116,485.19
13115,2205.63
13113,10510
13110,1452.87
13109,766.84
13108,350.06
13107,1524.07
13106,59.5
13104,1098.48
13103,243.94
13102,6336.29
13101,101.19
13099,207.36
13098,28658.88
13097,5893.32
13095,74.4
13094,1708.86
13093,7741.47
13092,459.83
13091,319.82
13090,8689.39
13089,57385.88
13085,272.38
13083,303.75
13082,3595.48
13081,27964.48
13080,58.08
13079,220.1
13078,12432.28
13077,729.27
13075,919.61
13072,177.15
13070,228.8
13069,3717.82
13068,344
13067,115.46
13066,430.9
13065,205.86
13064,1119.49
13062,346.98
13061,248.61
13060,307.53
13059,183.4
13058,271.4
13055,1201.96
13052,348.15
13050,5684.61
13049,656.68
13048,1805.91
13047,3079.1
13046,629.31
13045,305.28
13044,560.47
13043,471.57
13040,676.99
13038,908.46
13037,881.07
13035,886.63
13034,642.77
13033,190.55
13032,996.52
13030,799.48
13029,1247.5
13028,659.68
13027,6912
13026,936.15
13023,689.9
13021,2584.4
13018,7272.75
13017,204
13016,789.89
13015,3346.28
13014,3365.43
13013,4786.99
13012,1311.62
13011,50.55
13008,178.47
13006,81.57
13005,468.95
13004,5613.43
13003,149.05
13002,120.95
13001,9797.92
13000,534.85
12999,455.88
12997,1197.94
12995,200.72
12994,902.22
12993,414.76
12991,503.76
12990,409.5
12989,6854.51
12988,535.32
12987,545
12985,1215.62
12984,97.5
12982,377.2
12981,372.22
12980,7092.06
12977,39.24
12976,738.6
12974,144.8
12971,10930.26
12970,452.24
12968,135.95
12967,1194.75
12966,160.18
12965,771.91
12963,1841.03
12962,266.39
12957,3979.04
12956,108.07
12955,4734.26
12953,329.85
12952,1382.84
12951,1042.07
12950,1843
12949,4143.02
12948,2053.7
12947,1407.29
12945,462.95
12944,604.51
12943,-3.75
12942,683.9
12940,876.29
12939,11581.8
12938,114.14
12937,1504.27
12936,1012.9
12935,2156.45
12933,606.28
12931,33462.81
12930,409.9
12929,105.1
12928,2062.7
12925,694.05
12924,929.95
12923,176.97
12922,405.38
12921,16389.74
12920,164.23
12919,1301.44
12917,594
12916,2982.35
12915,363.65
12913,2483.63
12912,1662.3
12910,3075.04
12909,2128.83
12908,246
12906,2919.81
12904,509.58
12902,138.68
12901,16293.1
12897,216.5
12895,347.3
12893,188.14
12891,331
12890,380.47
12888,313.77
12886,1351.09
12885,1158.27
12884,309.05
12883,703.47
12882,1463.04
12881,298
12879,552.57
12878,841.64
12877,1535.77
12876,2218.02
12875,343.23
12873,374
12872,599.97
12871,380.64
12870,-14.9
12868,1607.06
12867,3986.22
12866,559.12
12865,1548.07
12864,147.12
12863,504.2
12857,1106.4
12856,2162.68
12855,38.1
12854,1289.15
12853,1881.7
12852,299.75
12851,135.18
12849,1050.89
12847,871.54
12845,354.09
12844,325.96
12843,1680.76
12842,1118.99
12841,3876.4
12840,2714.27
12839,5583.62
12838,683.13
12837,134.1
12836,2612.86
12834,312.38
12833,417.38
12832,383.03
12831,215.05
12830,6748.4
12829,253.05
12828,1018.71
12827,430.15
12826,1468.12
12824,397.12
12823,1759.5
12822,918.98
12821,92.72
12820,942.34
12818,1517.88
12817,166.04
12816,572.2
12815,1063.46
12814,125.92
12812,229.64
12811,514.85
12809,484.36
12808,483.65
12802,412.58
12798,6977.04
12797,194.18
12795,430.48
12794,860.41
12793,545.48
12792,400.54
12791,192.6
12790,324.92
12789,91.85
12787,463.66
12785,305.71
12784,574.42
12783,1603.87
12782,2273.32
12781,707.72
12779,3868.7
12778,804.23
12775,1351.24
12772,892.47
12770,1351.45
12769,1143.6
12766,6989.63
12764,1693.88
12763,494.08
12762,1898.52
12759,1531.44
12758,2791.59
12757,4227.7
12756,112.08
12755,2203.2
12754,2949.12
12753,21024.01
12752,4366.78
12750,275.88
12749,3868.2
12748,29072.1
12747,4196.01
12744,9120.39
12743,546.43
12740,427.6
12739,1013.04
12738,155.35
12736,234
12735,779.57
12734,110.4
12733,383.95
12732,236.26
12731,18793.41
12729,453.01
12728,836.33
12727,3947.7
12726,2609.1
12725,427.8
12724,1031.41
12723,725.07
12722,904.33
12721,2628.98
12720,5713.28
12719,608.1
12718,238.25
12717,980.98
12716,1053.49
12715,353.86
12714,4708.86
12713,848.55
12712,4241.63
12710,1130.57
12709,9294.1
12708,2616.32
12707,603.42
12705,6814.24
12704,2220.84
12703,274.7
12702,219
12701,797.71
12700,4867.99
12697,939.02
12695,582.1
12694,869.67
12693,830.96
12691,1035.8
12690,389.01
12689,1247.61
12688,4873.81
12686,89.14
12685,2863.08
12684,2283.63
12683,8221.09
12682,12288.22
12681,13677.59
12680,862.81
12679,1058.67
12678,17588.26
12676,1331.39
12674,1919.31
12673,610.52
12672,225.9
12670,2986.15
12669,1607.73
12668,3743.18
12667,620.13
12666,-227.44
12665,61.75
12664,4863.88
12662,3817.08
12660,245.1
12659,91.68
12658,686.05
12657,1152.06
12656,3982.72
12654,601.98
12653,2209.85
12652,914.53
12651,114
12650,314.44
12649,603.71
12648,318.05
12647,3669.92
12646,1346.97
12645,1755.38
12644,477.91
12643,3344.64
12642,1013.26
12641,185.9
12640,1174.58
12639,486.1
12638,671.69
12637,5953.25
12635,1689.18
12633,2140.63
12631,640.5
12630,1270.88
12628,769.61
12627,4478.53
12626,6388.35
12625,2614.32
12624,641.13
12623,305.1
12622,180.1
12621,13612.07
12620,1339.41
12619,3214.81
12618,177.31
12617,355.53
12616,657.25
12615,2291.19
12614,315.6
12613,3218.98
12612,643.59
12611,1193.32
12610,2057.99
12609,1126.85
12607,3.09E-13
12605,-7.5
12604,254.18
12603,739.2
12602,153.12
12601,569.56
12600,2581.04
12599,1032.58
12598,3002.68
12597,3683.13
12596,618.27
12594,3320.22
12593,418.1
12592,437.6
12591,452.85
12590,9861.38
12589,646.68
12588,214.9
12587,144
12586,179.94
12585,1982.81
12584,1893.95
12583,7187.34
12582,511.36
12581,197.71
12580,415.7
12579,410.72
12578,2753.36
12577,595.4
12576,1306.98
12574,218.45
12573,160.54
12572,1004.72
12571,519.61
12569,4064.99
12567,9114.94
12566,346.7
12565,131.17
12564,456.9
12562,3781.74
12561,238.85
12560,2101.39
12559,536.21
12558,-2.13E-14
12557,11990.96
12556,603.71
12553,3652.25
12552,437.82
12551,168
12550,964.83
12548,95.2
12547,207.8
12546,1141.5
12545,1000.39
12544,355.7
12541,981.18
12540,13309.04
12539,3852.5
12538,363.95
12536,4106.82
12535,716.35
12534,1089.18
12532,349.83
12531,125.22
12530,1623.63
12528,1922.28
12527,348.71
12526,1316.66
12524,4485.72
12523,1745.57
12522,192.72
12521,599.68
12520,2582.51
12519,340.84
12518,2056.89
12517,2464.89
12516,1312.06
12515,383.7
12514,1017.68
12513,586.79
12512,138.03
12510,982.57
12509,176.5
12508,398.27
12507,1258.06
12506,73.5
12505,-4.5
12504,114
12503,-1126
12502,3723.87
12501,2089.68
12500,4206.27
12498,403.7
12497,1043.1
12494,1139.35
12493,416.79
12492,263.21
12491,460.4
12490,5417.93
12489,334.93
12488,1298.66
12484,4495.27
12483,2327.13
12481,5590.86
12480,3281.63
12479,477.3
12478,680.99
12477,13117.01
12476,6546.58
12475,723.38
12474,7116.47
12473,2848.23
12472,6229.48
12471,18740.92
12468,724.04
12465,733.89
12464,1212.05
12463,1303.63
12462,1124.01
12461,826.88
12458,947.4
12457,1917.78
12456,3153.89
12455,2466.86
12454,7.39E-13
12453,707.09
12452,428.57
12451,8933.52
12450,197.88
12449,4067.29
12448,449.45
12447,476.49
12446,1002.31
12445,133.4
12444,5005.46
12442,172.06
12441,173.55
12438,2906.85
12437,4896.66
12436,509.01
12435,7829.89
12434,765.19
12433,13375.87
12432,5059.32
12431,6416.39
12430,256.4
12429,3750.4
12428,7877.2
12427,708.37
12426,582.73
12425,777.2
12424,1760.96
12423,1849.11
12422,803.56
12421,806.27
12420,600.39
12418,668.58
12417,3578.8
12415,123725.45
12414,562.41
12413,694.15
12412,1226.88
12410,681.08
12409,11056.93
12408,2842.57
12407,1708.12
12406,3280.75
12405,1710.39
12403,409.7
12402,225.6
12401,84.3
12399,1108.65
12398,1635.66
12397,2409.9
12395,2998.28
12394,1272.48
12393,1582.6
12391,460.89
12390,549.84
12388,2780.66
12386,401.9
12384,566.16
12383,1839.31
12381,1803.96
12380,2720.56
12379,850.29
12378,4008.62
12377,1628.12
12375,455.42
12374,742.93
12373,364.6
12372,1298.04
12371,1887.96
12370,3545.69
12367,168.9
12365,320.69
12364,1313.1
12363,552
12362,5154.58
12361,189.9
12360,2662.06
12359,6245.53
12358,1168.06
12357,6207.67
12356,2811.43
12355,459.4
12354,1079.4
12353,89
12352,1545.41
12350,334.4
12349,1757.55
12348,1797.24
12347,4310
12346,0
