Customer ID,Min. Recency
18287,3719
18283,3680
18282,3684
18281,3857
18280,3954
18278,3750
18277,3735
18276,3698
18274,3694
18273,3679
18272,3679
18270,3715
18269,4035
18268,3811
18265,3749
18263,3700
18262,3817
18261,3720
18260,3849
18259,3701
18257,3716
18256,4031
18255,3766
18252,3727
18251,3764
18250,3978
18249,3694
18248,3790
18246,3700
18245,3684
18242,3749
18241,3686
18240,3723
18239,3895
18237,3679
18236,3706
18235,3748
18233,4002
18232,3758
18231,3869
18230,3686
18229,3688
18228,3727
18227,3894
18226,3715
18225,3680
18224,3940
18223,3678
18222,3769
18221,3699
18220,3896
18219,3679
18218,3883
18217,3706
18216,3708
18215,3766
18213,3913
18212,4003
18211,3702
18210,3678
18209,3705
18205,3713
18204,3748
18203,3834
18202,3876
18200,3783
18198,3681
18196,3772
18194,3741
18193,3827
18192,3748
18191,3938
18190,3869
18189,3754
18188,3692
18185,3926
18184,3692
18183,3895
18181,3701
18180,3681
18179,3686
18178,3790
18177,3708
18176,4030
18174,3684
18173,3763
18172,3691
18171,3735
18170,3710
18169,3737
18168,3853
18167,3680
18165,3854
18164,3708
18161,3687
18160,3734
18159,3978
18158,3686
18156,3689
18155,3752
18154,3680
18151,3811
18150,3709
18149,3727
18147,3722
18146,3817
18145,3689
18144,3684
18143,3793
18142,3828
18141,4037
18139,3694
18138,3972
18136,3740
18135,3706
18133,3888
18130,3685
18129,3920
18127,3696
18126,3737
18125,3706
18123,3701
18122,3685
18121,3826
18120,3891
18119,4044
18118,3687
18117,3702
18116,3744
18114,3967
18113,4045
18112,3689
18110,3696
18109,3678
18108,3925
18106,4006
18105,3714
18104,3714
18102,3677
18101,3688
18099,3804
18097,3684
18096,3688
18095,3989
18094,3758
18093,3770
18092,3679
18088,3738
18087,3775
18086,3951
18085,4007
18084,3693
18082,3702
18081,3713
18080,3695
18079,3722
18078,3894
18077,3685
18075,3700
18074,4050
18073,3791
18072,3832
18071,3934
18069,3703
18068,3966
18067,3717
18066,3752
18065,3682
18064,3810
18062,3850
18061,3698
18059,3686
18058,3686
18056,3965
18055,3684
18053,3743
18050,4036
18048,3880
18045,3722
18044,3681
18043,3701
18042,3730
18041,3688
18040,3696
18037,3831
18036,3709
18035,3712
18034,3698
18033,3742
18032,4011
18030,3681
18027,3775
18024,3829
18022,3712
18019,3728
18018,3785
18017,3758
18016,3709
18015,3681
18014,3705
18013,3832
18011,4050
18010,3933
18009,3912
18008,3747
18006,3700
18005,3680
18004,4039
18001,3689
17999,3714
17997,3751
17995,3958
17994,3798
17991,3902
17990,3913
17988,3688
17987,3862
17986,3733
17985,3699
17984,3822
17980,3842
17979,3712
17978,4042
17977,3706
17976,4049
17975,3692
17974,3701
17973,3728
17972,3918
17970,3888
17969,3843
17968,4050
17967,4048
17966,3714
17965,3714
17964,3708
17962,3819
17961,3698
17960,3848
17958,3793
17957,3743
17956,3926
17955,3875
17954,3682
17951,3716
17950,3749
17949,3678
17948,3824
17947,3714
17946,3910
17942,3684
17941,3807
17940,3726
17939,3836
17937,3685
17936,3682
17935,3815
17934,3728
17932,3706
17931,3811
17930,3712
17929,3688
17928,3722
17926,3810
17925,4049
17924,3678
17923,3959
17921,3741
17920,3681
17919,3765
17917,3722
17914,3680
17913,3735
17912,3987
17911,3686
17908,4050
17906,3924
17905,3748
17904,3698
17901,3706
17900,3841
17899,3836
17898,3762
17897,3849
17896,3700
17895,3721
17894,3748
17893,3902
17892,3733
17891,3839
17890,3999
17889,3889
17888,3695
17887,3806
17886,3708
17885,3689
17884,3680
17883,3680
17881,3981
17880,4041
17879,3850
17878,3720
17877,3847
17874,3862
17873,3757
17871,3881
17870,3679
17869,3784
17867,3707
17866,3819
17865,3707
17864,3689
17863,3736
17862,4000
17861,3680
17860,4045
17859,3981
17858,3682
17857,3680
17856,3678
17855,4049
17854,3862
17852,3688
17850,3979
17849,3895
17848,3758
17846,3762
17844,3783
17843,3980
17841,3678
17839,3719
17838,3703
17837,3719
17836,3724
17835,3679
17832,3726
17831,3710
17830,3678
17829,3975
17828,3685
17827,3682
17824,3728
17820,3868
17819,3748
17817,3681
17816,3713
17813,3691
17812,3689
17811,3681
17809,3693
17806,3688
17805,3750
17802,3759
17800,3714
17799,3699
17797,3699
17796,3717
17795,3856
17793,3702
17791,3706
17790,3703
17789,3958
17788,3750
17787,3829
17786,3762
17785,3730
17783,3749
17781,3836
17779,3698
17777,3701
17775,3931
17774,3773
17772,3687
17771,3733
17770,3875
17769,3689
17768,3685
17767,3692
17765,3835
17764,3727
17763,3940
17761,3709
17760,3698
17759,3694
17758,3696
17757,3678
17754,3677
17752,4036
17750,3682
17749,3855
17747,3777
17746,3911
17744,3680
17742,3790
17739,3688
17738,3696
17737,3686
17736,3686
17735,3679
17734,3730
17733,3715
17732,4049
17731,3756
17730,3680
17728,3680
17727,3686
17725,3693
17724,3734
17723,3804
17722,3773
17720,3703
17719,3714
17718,3909
17716,3699
17715,3877
17714,3997
17712,3721
17711,3687
17709,3846
17708,3864
17707,3862
17706,3681
17705,3680
17704,3845
17703,3712
17702,3707
17701,3929
17700,3693
17698,3937
17697,3913
17696,3715
17695,3808
17694,3818
17693,3813
17692,3804
17691,4035
17690,3707
17686,3684
17685,3693
17684,3720
17682,3687
17680,3700
17679,3729
17678,3940
17677,3678
17676,3681
17675,3678
17674,3751
17673,3678
17672,3720
17671,3692
17670,3904
17669,3719
17668,3678
17667,3743
17666,3680
17664,3695
17663,3702
17660,3818
17659,3680
17658,3687
17656,3750
17655,3687
17654,3954
17653,3706
17652,3702
17651,3688
17650,3698
17649,3811
17648,3737
17647,3742
17646,3896
17644,3678
17643,4050
17642,3796
17640,3763
17639,3953
17637,3708
17636,3685
17634,3713
17633,3708
17631,3678
17630,3846
17629,3682
17628,3758
17625,3695
17624,3691
17623,3709
17621,3698
17620,3736
17619,3989
17618,3682
17616,3850
17615,3807
17614,3734
17613,3699
17612,3730
17611,3680
17609,3717
17608,3710
17604,3894
17603,3727
17602,3679
17601,3916
17600,3694
17597,3890
17596,3700
17595,3689
17594,3762
17593,3680
17591,3750
17590,3679
17589,3737
17588,3777
17585,3786
17584,3684
17582,3913
17581,3677
17580,3929
17579,3681
17578,3867
17576,3685
17574,3919
17573,3706
17572,3748
17571,3727
17569,4009
17567,3684
17566,3685
17564,3701
17562,3691
17561,3696
17560,3771
17557,3691
17556,3882
17555,3696
17554,3678
17553,3806
17552,3719
17551,4036
17550,3874
17549,3700
17548,3894
17547,4049
17545,3720
17542,3946
17540,3685
17538,3702
17537,3706
17536,3854
17535,3957
17534,3730
17531,3797
17530,3678
17528,3678
17527,3730
17526,3678
17525,4036
17524,4038
17523,3688
17522,3678
17521,3701
17520,3730
17519,3694
17517,3985
17516,3692
17515,3708
17514,3805
17513,3749
17512,3705
17511,3679
17510,3701
17509,3734
17508,3957
17507,3938
17506,3747
17505,3838
17504,3883
17503,3679
17502,3686
17501,3897
17500,3694
17499,3966
17498,3752
17496,4035
17495,3684
17492,3925
17491,3678
17490,3677
17489,3735
17486,3938
17483,3742
17481,3680
17480,3750
17475,3756
17472,3868
17470,3721
17469,3693
17468,3687
17466,3687
17464,3835
17463,3693
17462,3728
17461,3699
17460,3755
17459,3720
17458,3692
17457,3803
17456,4042
17455,3880
17454,3869
17453,3694
17451,3678
17450,3685
17449,3679
17448,3821
17447,3717
17446,3853
17444,3824
17443,3896
17442,3706
17440,3824
17438,3924
17436,3678
17434,3679
17433,3765
17432,3695
17431,3990
17430,3709
17429,3797
17428,3677
17427,3748
17426,3681
17425,3696
17423,3722
17422,3693
17420,3727
17419,3688
17418,3719
17416,3706
17415,3756
17414,3720
17412,3679
17411,3689
17410,3693
17409,3861
17408,3840
17406,4007
17405,3678
17404,3681
17403,3713
17402,3681
17400,3803
17398,3791
17397,3699
17396,3716
17394,3896
17392,3983
17391,3840
17389,3677
17388,3754
17387,3696
17386,3684
17385,3691
17384,3696
17383,3681
17382,3742
17381,3685
17379,3688
17377,3700
17376,3747
17375,3867
17374,3895
17373,3717
17372,3717
17371,3694
17370,3749
17368,3700
17367,3915
17365,3689
17364,3677
17362,3916
17361,3726
17360,3694
17359,3688
17358,3980
17357,3701
17356,3988
17354,3727
17353,3806
17351,3713
17350,3685
17349,3856
17348,3691
17347,3763
17346,3680
17345,3692
17344,3723
17343,4032
17341,3833
17340,3686
17339,3771
17338,3694
17337,3828
17334,3978
17333,3762
17331,3800
17330,3699
17329,3691
17325,3957
17324,3694
17323,3692
17321,3685
17320,3777
17317,3723
17315,3677
17314,3701
17313,3694
17312,3815
17311,3755
17309,3772
17307,4042
17306,3687
17303,4038
17302,3691
17301,3698
17299,3688
17298,3778
17297,3694
17295,3705
17293,3685
17291,3985
17290,3680
17289,3708
17288,3686
17287,3703
17286,3698
17284,3737
17282,3807
17279,3734
17278,3918
17277,3904
17274,3712
17272,3719
17268,3784
17267,3804
17266,3679
17265,3815
17263,3885
17262,3729
17259,3825
17256,3784
17255,3717
17254,3681
17253,3695
17252,3793
17251,4039
17250,3680
17248,3797
17247,3692
17245,3881
17244,3730
17243,3678
17242,3785
17239,3989
17238,3679
17237,3688
17236,3689
17235,3702
17234,3859
17233,3712
17232,3679
17231,3689
17230,3941
17229,3773
17228,3692
17227,3695
17226,3985
17223,3987
17222,3742
17221,3684
17220,3701
17219,3708
17218,3681
17217,3911
17214,3737
17213,3717
17212,3930
17211,3703
17206,3730
17205,3730
17204,3846
17203,3712
17201,3730
17198,3700
17197,3706
17194,3950
17193,3712
17191,3705
17190,3735
17189,3783
17188,3688
17187,3903
17186,3723
17183,3684
17181,3734
17180,3733
17179,3855
17176,3878
17175,3721
17174,3894
17173,3682
17172,3751
17171,3966
17169,3727
17166,3715
17165,3961
17164,3709
17163,3698
17162,3705
17160,3708
17159,3698
17158,3709
17157,3684
17155,3694
17154,3752
17153,3701
17152,3871
17148,3728
17147,3699
17146,3782
17144,3678
17142,3916
17140,3924
17139,3692
17138,3952
17135,3693
17134,3783
17133,3692
17131,3682
17128,4011
17126,3829
17125,3727
17124,3862
17123,3838
17122,3796
17120,3910
17119,3680
17118,3994
17117,3965
17115,3685
17114,3682
17111,3724
17110,3842
17109,3706
17107,3709
17105,3836
17102,3938
17101,3687
17100,3695
17097,3679
17096,3686
17095,3699
17094,3995
17092,3727
17091,3679
17090,3681
17088,3705
17086,3684
17085,3800
17084,3712
17083,3786
17082,3710
17081,3702
17080,3699
17079,3755
17078,3713
17076,3713
17075,3694
17073,3694
17071,3685
17070,3791
17069,3705
17068,3689
17065,3820
17064,3735
17063,3685
17062,3990
17061,3750
17060,3943
17059,3706
17058,3758
17054,3705
17053,3805
17052,3705
17051,3871
17050,3773
17049,3679
17048,3792
17047,3762
17046,3834
17045,3790
17044,3685
17043,3709
17042,3679
17041,3703
17040,3814
17038,3707
17037,3755
17035,3922
17034,3693
17033,3763
17031,3688
17030,3740
17029,3787
17027,3755
17026,3862
17025,3737
17024,3722
17022,3708
17019,3688
17018,3717
17017,3679
17015,3705
17014,3685
17011,3707
17010,3693
17007,3727
17006,3681
17004,3723
17002,3750
17001,3677
16999,3700
16998,3826
16997,3965
16996,3707
16995,4049
16992,3687
16990,3895
16989,3684
16988,3682
16987,3680
16986,3706
16985,3694
16984,3755
16983,3689
16982,3737
16980,3932
16979,3680
16978,3754
16976,3944
16971,3679
16969,3716
16968,3681
16967,3866
16966,3685
16965,3903
16963,3864
16961,3793
16960,3715
16959,3764
16957,3916
16956,3686
16955,3861
16954,3677
16953,3707
16952,3786
16951,3800
16950,3733
16949,3680
16948,3815
16947,3912
16945,3698
16943,3888
16942,3689
16940,3729
16938,3685
16936,3702
16934,3731
16933,3678
16932,3730
16931,3682
16930,3703
16929,3680
16928,3757
16927,3792
16926,4048
16924,3698
16923,3689
16921,3738
16919,3833
16918,3726
16917,3953
16916,3700
16915,3686
16914,3713
16913,3967
16912,3700
16910,3681
16909,3741
16907,3706
16906,3758
16905,3682
16904,3681
16903,3706
16902,3793
16900,3688
16899,3684
16898,3703
16897,3976
16895,3741
16893,4043
16892,3678
16891,3678
16889,3871
16887,3712
16885,3692
16884,3714
16883,3864
16882,3743
16881,3743
16880,3707
16878,3701
16877,3689
16875,3741
16873,3681
16872,3754
16871,3699
16869,3699
16866,3817
16863,3706
16861,3736
16859,3783
16858,4043
16856,3691
16855,3700
16852,3687
16851,3681
16850,4010
16849,3863
16848,3729
16847,3720
16846,3727
16843,3719
16842,3741
16841,3713
16839,3685
16838,3874
16837,3708
16836,3716
16835,3805
16834,3904
16833,3678
16832,3861
16830,3715
16829,3833
16828,3770
16826,3728
16825,3715
16824,3692
16823,3904
16820,3772
16818,3687
16817,3679
16816,3780
16814,3691
16813,3685
16812,4037
16811,3681
16810,3869
16809,3700
16808,3776
16807,3819
16806,3780
16805,3850
16804,3700
16803,3742
16801,3840
16800,3688
16796,3766
16795,4042
16794,3678
16793,3734
16792,3959
16791,3706
16790,3680
16789,3685
16788,3800
16784,3696
16782,3687
16781,4042
16780,3777
16779,3679
16778,3751
16777,3757
16776,3737
16775,3687
16774,3744
16773,3734
16771,3710
16770,3734
16769,3937
16768,3724
16767,3707
16766,3950
16765,3971
16764,3680
16763,3862
16762,3696
16761,3773
16759,3684
16758,3742
16757,3995
16756,3891
16755,3791
16754,4049
16753,3735
16752,4049
16751,3707
16750,3721
16748,3694
16747,3702
16746,3681
16745,3763
16744,3688
16743,3706
16742,3723
16739,3849
16738,3974
16737,3730
16735,3755
16734,3729
16732,3708
16730,3729
16729,3713
16728,3723
16727,4041
16726,3703
16725,3979
16723,3768
16722,3694
16721,3939
16720,3703
16719,3691
16718,4046
16717,3686
16716,3943
16715,3755
16714,3895
16713,3695
16712,3686
16711,3680
16710,3696
16709,3761
16708,3722
16706,3714
16705,3677
16701,3685
16700,3685
16698,3903
16697,3918
16696,3812
16693,3745
16692,3933
16690,3720
16689,3752
16688,3678
16686,3724
16685,3738
16684,3681
16682,3681
16681,3749
16680,3720
16679,4043
16678,3679
16676,3710
16674,3731
16672,3679
16671,3705
16670,3693
16669,3700
16668,3692
16667,3745
16666,3696
16665,4039
16660,3693
16659,3866
16658,4045
16657,3686
16656,3699
16655,3694
16654,3818
16653,3693
16652,3730
16650,3748
16648,3715
16647,3846
16644,3854
16643,3922
16642,3681
16641,3782
16639,3702
16638,3699
16637,3709
16634,3899
16633,3694
16629,3750
16628,3706
16627,3756
16626,3677
16625,3951
16624,3757
16623,3922
16621,3728
16620,3680
16619,3930
16618,3708
16617,3912
16616,3692
16614,3859
16613,3747
16612,3709
16611,3863
16610,3896
16609,3692
16607,3694
16603,3751
16602,3708
16601,3717
16600,3681
16598,3954
16597,3681
16596,3692
16595,3738
16594,3752
16593,3727
16592,3681
16591,3745
16589,3748
16587,3909
16586,3925
16584,3757
16583,4050
16582,3790
16581,3832
16579,4042
16574,3748
16573,3750
16572,3804
16571,3680
16570,3685
16569,3680
16567,3871
16566,3692
16565,4041
16563,3730
16561,3682
16560,3698
16558,3677
16557,3701
16556,3743
16555,3712
16554,3680
16553,3840
16552,3919
16551,3772
16550,3785
16549,3687
16546,3967
16545,3841
16542,3730
16539,3679
16536,3784
16535,3682
16533,3696
16532,3694
16531,3699
16529,3867
16528,3680
16527,3758
16526,3848
16525,3679
16523,3678
16520,3863
16519,3702
16518,3738
16517,3954
16516,3707
16515,3729
16513,3681
16511,3698
16510,4049
16509,3973
16506,3696
16505,3708
16504,3702
16503,3783
16500,3681
16499,4037
16498,3838
16497,3726
16496,3685
16495,3680
16494,3973
16493,3749
16491,3723
16488,3710
16485,3754
16484,3850
16483,3869
16482,3692
16480,3752
16479,3687
16478,3702
16477,3740
16475,3765
16474,3684
16473,3841
16471,3951
16470,3728
16469,3700
16468,3751
16466,3710
16464,3696
16463,3698
16462,3741
16461,3854
16460,3705
16458,3679
16457,3895
16456,3776
16455,3740
16454,3721
16451,3764
16450,3826
16449,3867
16448,3875
16447,3812
16446,3677
16445,3710
16444,3723
16442,3678
16441,3744
16440,3684
16438,3682
16434,3706
16433,3705
16432,3741
16431,3890
16430,3734
16429,3783
16428,3758
16427,3940
16426,3679
16425,3979
16424,3868
16423,3701
16422,3694
16419,3789
16418,3721
16416,3703
16415,3721
16414,3698
16413,3733
16412,3730
16411,3696
16409,3713
16407,3689
16406,3695
16405,3979
16404,3747
16403,3979
16402,3941
16401,3678
16400,3771
16399,3696
16398,3821
16395,3737
16394,3727
16393,3679
16392,3946
16389,3730
16387,3999
16386,3705
16385,3737
16384,3766
16383,3751
16380,3738
16379,3681
16378,3924
16377,3944
16376,3685
16374,3743
16372,3710
16370,3759
16369,3695
16368,3679
16367,3714
16366,3695
16365,3694
16364,3688
16363,3730
16362,3709
16361,3686
16360,3681
16359,3684
16358,3678
16357,3710
16356,3874
16354,3740
16353,3680
16352,3694
16351,4009
16350,3698
16349,3967
16348,3709
16347,3688
16345,3721
16344,3835
16343,3693
16342,3752
16341,3701
16340,3784
16339,3961
16338,3834
16337,3713
16333,3684
16332,3705
16330,3694
16327,3691
16326,3682
16325,3721
16324,3805
16323,3873
16322,3678
16321,3749
16320,3849
16319,3894
16318,3712
16317,3796
16316,3741
16315,4007
16313,3680
16311,3694
16309,3768
16308,3714
16306,3890
16305,3815
16303,3702
16302,3784
16298,3699
16297,3889
16295,3686
16293,3685
16292,3794
16287,3846
16284,3708
16283,3682
16282,4016
16281,3749
16279,3698
16278,3700
16276,3853
16275,3873
16274,4050
16272,3793
16271,3679
16270,4030
16268,3748
16266,3750
16265,3686
16262,4037
16261,3694
16260,3727
16258,3722
16257,3853
16256,3934
16255,3693
16253,3708
16252,4043
16250,3938
16249,3729
16248,3738
16247,3847
16245,3700
16244,3888
16243,3710
16242,3685
16241,3686
16240,3685
16239,3733
16236,3755
16235,3717
16233,3748
16232,3709
16230,3866
16229,3764
16227,3896
16226,3880
16225,3721
16224,3734
16222,3995
16221,3713
16218,3706
16217,3912
16216,3944
16215,3757
16214,3847
16213,3755
16212,3696
16211,3758
16210,3678
16209,3765
16208,3721
16207,3702
16206,3731
16205,3707
16204,3700
16203,3735
16202,4037
16201,3680
16200,3681
16198,3752
16193,3913
16191,3679
16190,3717
16189,3692
16188,3721
16187,3708
16186,3699
16185,3693
16184,3741
16183,3744
16182,3749
16181,3750
16180,3777
16179,3737
16178,3815
16177,3727
16175,3771
16174,3803
16173,3692
16172,3772
16171,3736
16170,3727
16169,3685
16168,3687
16164,3694
16163,3902
16162,3929
16161,3678
16160,3741
16159,3958
16157,3692
16156,3685
16153,3726
16152,3945
16150,3715
16149,3681
16148,3973
16147,3810
16146,3834
16145,3685
16144,3923
16143,3680
16142,3926
16141,3765
16140,3729
16139,3695
16138,4045
16136,3736
16135,3939
16134,3698
16133,3680
16131,3728
16128,3694
16127,3716
16126,3706
16125,4044
16124,3993
16123,3728
16122,3750
16121,3734
16120,3736
16119,3685
16117,3866
16116,3882
16115,3686
16114,3847
16113,3860
16112,3820
16110,3722
16109,3895
16108,3761
16107,3694
16106,3742
16105,3925
16104,3738
16103,3684
16102,3719
16101,3686
16099,3727
16098,3764
16097,3917
16096,3941
16094,3688
16093,3783
16092,3775
16091,3831
16086,3736
16085,3700
16084,3976
16083,3777
16081,3733
16080,3758
16079,3693
16078,3960
16076,3680
16073,3968
16072,3965
16071,3721
16070,3699
16066,3693
16065,4042
16063,3937
16062,3686
16061,3946
16059,3742
16057,3681
16056,3722
16055,3897
16054,3822
16053,3709
16052,3731
16050,3850
16049,3717
16048,3762
16045,3796
16043,3714
16042,3699
16041,3707
16040,3742
16038,3684
16037,3946
16036,3764
16034,3873
16033,3682
16031,3769
16030,3986
16029,3715
16027,3768
16026,3720
16025,3706
16024,3689
16023,3723
16022,3937
16020,3693
16019,3678
16018,3716
16017,3724
16016,3680
16015,3680
16014,3712
16013,3680
16012,3712
16011,3685
16010,3922
16009,3699
16008,3700
16007,3724
16006,3888
16005,3689
16003,3706
16000,3679
15998,3713
15996,3765
15994,3731
15993,3685
15992,3680
15990,3721
15988,3696
15987,3689
15986,3707
15985,3800
15984,3679
15983,3699
15981,3701
15980,3765
15978,3754
15977,3694
15976,3842
15975,3761
15974,3716
15973,3912
15971,3694
15970,3980
15969,3679
15967,3700
15965,3694
15963,3696
15958,3751
15957,3708
15955,3701
15953,3692
15952,3710
15951,3678
15950,3678
15949,3693
15948,3685
15947,3759
15945,4042
15944,3953
15942,3810
15940,3988
15939,3766
15938,3789
15937,3741
15935,3916
15933,3698
15932,3681
15930,3744
15925,3871
15923,4049
15922,4049
15921,3849
15920,3831
15919,3696
15918,3867
15917,3924
15916,3693
15912,3855
15910,3677
15909,3850
15907,3680
15906,3696
15904,3685
15903,3686
15901,3693
15900,3700
15899,4045
15898,3678
15897,3871
15895,3826
15894,3930
15891,3903
15889,3833
15888,3756
15886,3737
15885,3769
15883,3679
15882,3875
15881,3989
15880,4046
15877,3678
15874,3740
15872,3691
15870,3709
15869,3954
15867,3682
15866,3778
15865,3717
15864,3699
15863,3702
15862,3685
15861,3689
15860,3717
15858,3692
15857,3695
15856,3681
15855,3813
15854,3681
15853,3728
15852,3863
15850,3696
15847,3715
15845,3694
15844,3723
15843,3980
15841,3741
15840,3735
15839,3702
15838,3688
15837,3741
15836,3722
15835,3721
15834,3747
15832,3931
15831,3735
15830,3706
15829,3776
15827,3750
15826,3728
15825,3849
15823,4014
15822,3680
15821,3721
15820,3996
15819,3726
15815,3740
15814,3680
15813,3884
15812,3784
15811,3694
15810,3755
15809,3712
15808,3983
15807,3727
15806,3723
15805,3700
15804,3677
15803,3728
15802,3819
15801,3723
15800,3784
15799,3752
15797,3790
15796,3678
15795,3826
15793,3686
15791,3720
15790,3687
15789,4035
15787,3703
15786,3720
15785,3706
15783,3687
15782,3686
15781,3702
15780,3860
15777,3918
15776,3810
15775,3922
15774,3745
15773,3682
15769,3684
15768,3792
15766,3741
15764,3758
15763,3708
15762,3742
15759,3895
15758,3701
15757,3742
15756,3738
15755,3678
15754,3727
15753,3981
15752,3716
15750,3679
15749,3912
15748,3717
15747,3689
15746,3811
15745,3685
15744,3754
15743,3693
15740,3726
15739,3743
15738,3695
15737,3691
15734,3791
15733,3959
15732,3889
15730,3742
15729,3875
15728,3726
15727,3693
15725,3692
15724,3878
15723,4041
15722,3712
15721,3688
15720,3701
15719,3709
15717,3911
15716,3822
15714,3688
15713,3820
15712,3686
15709,3960
15708,3717
15707,3712
15706,3736
15705,3878
15704,3817
15703,3941
15701,3679
15700,3849
15699,3694
15696,3710
15695,3943
15694,3677
15692,3705
15691,3929
15690,3681
15689,3796
15687,3685
15683,3794
15681,3695
15680,3686
15679,3701
15678,3729
15677,3726
15676,3686
15675,3758
15674,3750
15673,3765
15671,3695
15670,3973
15669,3717
15668,3894
15667,3716
15665,3845
15664,3727
15663,3783
15661,3994
15660,3702
15659,3720
15658,3867
15657,3699
15656,3722
15655,3910
15654,3686
15653,3769
15652,3768
15651,3713
15649,4013
15648,3881
15646,3834
15645,3695
15644,3843
15643,3856
15641,3782
15640,3681
15639,3811
15638,3978
15637,3729
15636,3766
15634,3694
15632,3692
15630,3722
15628,3681
15626,3751
15625,3777
15624,3793
15623,3818
15622,3680
15621,3681
15620,3727
15619,3687
15618,3709
15615,3687
15612,3713
15611,3686
15610,3728
15609,3859
15608,3705
15607,4013
15606,3734
15605,3713
15604,3729
15603,3755
15602,3685
15601,3688
15599,3703
15598,3712
15597,3706
15596,3777
15594,3692
15593,3747
15592,3723
15590,3966
15589,3929
15587,3727
15585,3853
15584,3700
15582,3701
15581,3797
15579,3745
15578,3839
15577,3828
15576,3714
15574,3854
15573,3708
15572,3681
15571,3688
15570,3684
15569,3780
15568,3679
15567,3695
15565,3727
15563,3685
15562,4028
15561,3688
15557,3705
15556,3701
15555,3689
15554,3954
15553,3737
15552,3894
15551,3713
15550,3681
15549,3754
15547,3684
15545,3731
15544,3685
15543,3965
15541,3791
15540,3688
15539,3684
15537,3840
15535,3850
15533,3696
15532,3702
15531,3685
15530,3698
15529,3699
15528,3931
15527,3695
15526,3710
15525,3679
15524,3701
15523,3761
15522,3709
15521,3713
15520,3678
15518,3741
15517,3910
15516,3721
15514,3689
15513,3708
15512,3832
15511,3688
15510,4007
15508,3866
15507,3848
15506,3699
15505,3729
15504,3758
15503,4039
15502,3692
15500,3685
15498,3677
15497,3694
15494,3698
15493,3709
15492,3705
15491,3772
15489,3699
15488,3769
15485,3707
15484,3678
15483,3838
15482,3692
15480,3793
15478,3717
15475,3754
15473,3691
15472,3790
15471,3679
15469,3720
15468,3712
15467,3686
15466,3762
15465,3696
15464,4015
15463,3706
15462,3771
15460,4031
15458,3702
15457,3939
15456,3960
15454,4039
15453,3678
15452,3706
15450,3707
15449,3703
15448,3989
15447,4007
15445,3941
15444,3686
15443,3678
15442,3925
15440,3731
15438,3808
15437,3939
15436,3689
15435,3699
15434,3685
15433,3756
15432,3700
15429,3703
15428,3692
15427,3710
15426,3696
15424,3931
15423,3715
15422,4000
15421,3735
15419,3701
15417,3762
15416,3741
15415,3990
15414,3686
15412,3848
15411,3703
15410,3761
15408,3941
15407,3710
15406,3695
15405,3866
15402,3825
15400,3769
15399,3678
15398,3693
15397,3966
15396,3789
15395,4002
15394,3686
15393,3693
15392,3681
15389,3849
15388,3947
15386,3863
15385,3717
15384,3846
15382,3691
15381,3890
15380,3685
15379,3846
15376,3717
15374,3805
15373,3685
15372,3814
15370,3717
15369,3821
15368,3698
15367,3734
15366,3752
15365,3702
15364,3772
15363,3918
15361,4038
15360,3716
15358,3681
15356,3708
15355,3706
15353,3931
15351,3689
15350,4050
15349,3835
15348,3749
15347,4043
15346,4009
15345,3712
15344,3677
15343,3764
15342,3793
15341,3757
15339,3743
15335,3730
15334,3833
15333,3885
15332,4043
15330,3709
15329,3712
15327,3729
15326,4010
15325,3780
15322,3741
15321,3726
15320,3721
15319,3960
15318,3680
15316,4003
15315,3741
15314,3876
15313,3787
15312,3752
15311,3677
15308,3947
15307,3772
15306,3741
15304,3737
15303,3967
15301,3727
15300,3741
15299,3744
15298,3679
15297,3687
15296,3721
15292,3878
15291,3702
15290,3681
15289,3706
15288,3720
15287,3699
15286,3726
15281,3735
15280,3849
15279,4031
15277,3723
15276,3743
15275,3708
15274,3681
15272,3734
15271,3684
15270,3692
15269,3700
15267,3699
15266,4015
15265,3828
15264,3741
15263,3783
15262,4000
15261,3812
15260,3777
15258,3845
15257,3958
15256,3825
15255,3743
15254,3804
15253,3693
15252,3713
15251,3686
15249,3708
15247,3799
15246,3915
15245,3811
15244,3742
15243,3751
15241,3743
15240,3721
15239,3687
15238,3706
15237,3678
15236,3975
15235,3894
15234,3953
15232,3790
15230,3916
15228,3743
15227,3713
15226,3987
15225,3911
15224,4035
15223,3902
15222,3995
15221,4043
15220,3728
15219,3853
15218,3687
15216,3764
15215,3721
15214,3678
15213,3995
15212,3916
15211,3737
15210,3902
15208,3678
15206,3687
15205,3762
15204,4034
15203,3702
15201,3755
15199,3736
15198,3769
15197,3685
15195,3679
15194,3680
15193,3737
15192,3796
15189,3678
15187,3678
15186,3691
15185,3747
15184,3706
15182,3831
15181,3743
15180,4044
15179,3695
15178,3937
15175,3748
15174,3999
15172,3685
15171,4001
15168,3702
15167,3997
15165,4050
15164,3745
15163,3695
15160,4034
15159,3678
15158,3722
15157,3680
15156,3678
15154,3751
15153,3708
15152,3686
15150,3694
15149,3810
15148,3687
15147,3895
15146,3841
15145,3681
15144,3685
15143,3902
15142,3723
15140,3729
15139,3916
15136,3679
15135,3910
15134,3691
15133,3804
15132,3695
15130,3846
15129,3727
15128,3737
15127,3742
15125,3702
15124,3699
15123,3684
15122,3762
15121,3727
15120,3806
15119,3922
15118,3811
15117,3691
15116,3694
15115,3695
15114,3707
15113,3686
15111,3706
15110,3700
15109,3917
15108,3818
15107,3988
15106,3694
15105,3695
15104,3843
15103,3708
15101,3685
15100,4007
15099,3761
15098,3859
15097,3681
15096,3719
15095,3780
15093,3695
15092,3892
15091,3730
15090,3985
15089,3687
15088,3698
15087,3958
15083,3933
15081,3699
15079,3889
15078,3684
15076,3849
15075,3754
15074,3782
15073,3686
15071,3770
15070,4049
15069,3856
15068,3723
15067,3755
15066,3708
15065,3714
15063,3890
15062,3748
15061,3680
15060,3685
15059,3717
15058,3702
15057,3952
15054,3689
15053,3681
15052,3996
15051,3700
15050,3702
15049,3950
15048,3742
15047,3946
15046,3686
15045,3828
15044,3696
15043,3708
15042,3876
15041,3847
15039,3686
15038,3720
15036,3749
15035,3766
15034,3692
15033,3681
15032,3933
15031,3681
15030,3748
15028,3685
15027,3707
15026,3757
15025,3710
15024,3686
15023,3680
15022,3688
15021,3685
15019,3943
15018,3715
15017,3710
15016,3849
15014,3720
15012,3730
15010,3712
15009,3689
15007,3836
15006,3728
15005,3692
15004,3824
15002,3792
15000,3724
14998,3847
14997,3723
14995,3715
14988,3888
14987,3692
14985,3875
14984,3696
14981,3923
14978,3749
14976,3734
14975,3734
14974,3714
14973,3784
14972,3805
14971,3712
14970,3745
14968,3707
14967,3726
14966,3691
14965,3773
14964,3924
14963,3686
14962,3947
14961,3687
14960,3685
14959,3736
14958,3824
14957,3930
14954,3689
14953,3702
14952,3723
14951,3756
14950,3685
14948,3700
14947,3749
14946,3691
14944,3706
14937,3733
14936,3686
14935,3974
14934,3749
14932,4042
14931,3681
14930,3785
14929,3709
14924,3922
14923,3727
14921,3707
14920,3889
14918,3792
14916,3747
14915,3762
14913,3712
14912,3693
14911,3678
14910,3679
14908,3751
14907,3680
14905,3831
14904,3679
14903,3698
14902,3698
14901,3688
14898,3700
14897,3684
14896,3881
14895,3684
14894,3762
14893,3686
14891,3825
14890,3930
14889,4013
14888,3884
14887,3756
14886,3929
14885,3808
14883,3695
14882,3703
14881,3696
14880,3754
14878,3689
14875,3686
14873,3887
14871,3680
14870,3938
14869,3680
14868,3680
14867,3862
14866,3687
14865,3684
14863,3706
14862,3702
14861,3729
14860,3685
14859,3689
14857,3736
14856,3713
14855,3796
14854,3755
14853,3685
14852,3735
14851,3700
14850,3988
14849,3698
14847,3825
14844,3740
14842,3712
14841,3730
14840,3944
14837,3766
14836,3687
14834,3694
14830,3730
14829,3706
14828,3873
14825,3680
14824,3687
14823,3857
14821,4043
14820,3698
14819,3741
14818,3750
14817,3877
14816,3874
14815,3713
14813,4046
14810,3717
14808,3716
14806,3752
14805,3692
14804,3685
14803,3839
14801,3738
14800,3724
14799,3728
14798,3729
14796,3678
14795,3843
14794,3679
14793,3681
14792,3740
14790,3693
14789,3705
14788,3684
14785,3687
14784,3703
14782,3996
14780,3731
14779,3957
14778,3804
14777,3681
14776,3728
14775,3735
14772,3789
14770,3909
14769,3679
14768,3694
14766,3685
14765,3706
14764,3720
14762,3940
14761,3735
14760,3971
14759,3681
14758,3821
14757,3752
14756,3692
14755,3686
14754,3721
14753,3764
14752,3720
14748,3706
14747,3924
14745,3789
14744,3693
14741,3688
14740,3868
14739,3679
14738,3716
14737,3680
14735,3680
14733,3686
14732,3685
14731,3724
14730,3678
14729,4050
14727,3951
14725,3701
14723,3687
14722,3824
14720,3682
14719,3678
14716,3720
14715,3701
14714,3701
14713,3686
14712,3706
14711,3687
14710,3691
14709,3692
14708,3679
14705,3875
14704,3688
14703,3691
14702,3678
14701,3687
14700,3709
14699,3891
14698,3678
14697,3895
14696,3681
14693,3941
14692,3814
14691,3707
14690,3721
14689,3885
14688,3684
14687,3783
14684,3702
14682,3864
14681,3748
14680,3702
14679,4048
14676,3708
14675,3693
14673,3680
14672,3911
14670,3957
14669,3918
14667,3687
14666,3701
14665,3737
14664,3696
14662,3705
14661,3703
14660,3763
14659,3685
14658,3682
14657,3694
14656,3846
14655,3680
14653,3678
14652,3754
14651,3744
14649,3681
14647,3878
14646,3678
14645,3833
14644,3686
14643,3847
14642,3735
14641,3698
14640,3692
14639,3729
14638,3727
14636,3713
14633,3943
14632,3939
14631,3727
14629,3681
14628,3768
14627,3988
14626,3685
14625,3862
14624,3734
14623,3709
14622,3861
14621,3678
14620,3881
14619,3916
14618,3686
14616,3919
14609,3749
14608,3681
14607,3692
14606,3678
14603,3951
14601,3687
14600,3982
14598,3721
14597,3688
14595,3696
14594,3684
14593,3698
14592,3712
14591,3692
14589,4048
14587,3695
14586,3904
14585,3727
14584,3846
14583,3682
14582,3717
14581,3693
14578,3680
14577,3689
14576,4049
14573,3856
14572,3680
14570,3957
14569,3678
14567,3712
14566,3787
14565,3772
14562,3680
14561,3752
14560,3684
14557,3741
14555,3734
14554,3687
14553,3696
14552,3828
14551,3695
14550,3687
14549,3988
14548,3827
14547,3680
14546,3681
14544,3701
14543,3680
14542,3862
14541,3735
14540,3686
14539,3692
14538,3741
14537,3734
14536,3936
14535,3736
14534,3679
14533,3701
14532,3913
14530,3702
14529,3737
14528,3714
14527,3679
14525,3685
14524,3708
14523,3785
14522,3701
14520,3678
14518,3741
14517,3710
14515,3694
14514,3738
14513,3777
14512,3864
14511,3688
14508,3699
14507,3700
14506,3694
14505,3694
14504,3724
14503,3680
14502,3696
14501,3741
14500,3765
14499,3703
14498,3719
14497,3978
14496,3988
14495,3727
14494,3702
14493,3684
14491,3852
14489,3884
14488,3728
14487,3703
14485,3715
14484,3727
14483,3826
14482,3695
14481,3841
14480,3688
14479,3930
14477,3696
14476,3934
14475,3748
14474,3720
14473,3751
14472,3780
14470,3688
14467,3694
14466,3706
14465,3923
14463,3775
14462,3740
14461,3825
14460,3787
14459,3832
14457,3987
14456,3682
14453,3867
14452,3687
14451,3737
14450,3857
14449,3695
14448,3686
14447,3695
14446,3677
14443,3730
14442,3678
14441,3677
14440,3685
14439,3996
14438,3983
14437,3820
14436,3775
14434,3698
14432,3686
14431,3975
14428,3684
14427,3727
14426,3695
14424,3694
14423,3895
14422,3677
14421,3734
14420,3762
14419,3687
14418,3680
14416,3699
14415,3678
14414,3768
14413,4039
14412,3712
14411,3987
14410,3692
14409,3748
14408,3687
14407,3784
14406,3796
14404,3710
14403,3807
14401,3681
14400,3818
14397,3677
14396,3742
14395,3679
14393,3895
14390,3687
14389,3685
14388,3685
14387,3709
14386,3973
14385,3686
14383,3715
14382,3703
14381,3729
14379,3721
14377,3868
14375,3862
14373,4035
14371,3972
14368,3996
14367,3685
14364,3785
14362,3699
14360,3708
14359,3696
14357,3720
14356,3737
14355,4042
14354,3682
14353,3892
14352,3834
14351,3841
14350,3947
14349,3687
14348,3937
14346,3797
14345,3715
14344,3804
14342,3698
14341,3722
14340,3895
14339,3911
14338,3835
14336,3693
14335,3693
14334,3693
14333,3741
14332,3699
14331,3801
14329,3685
14327,3840
14326,3911
14323,3791
14321,3687
14320,3883
14317,3741
14315,3698
14314,3783
14312,3723
14311,3902
14309,3685
14307,3765
14306,3728
14305,3748
14304,3899
14301,3784
14300,3695
14299,3685
14298,3680
14297,3694
14295,3717
14293,3680
14292,3684
14291,3678
14290,3688
14289,3685
14288,3889
14287,3685
14286,3700
14285,3698
14284,3707
14282,3680
14280,3873
14277,3692
14276,3765
14273,3728
14272,3750
14271,3902
14270,4008
14267,3827
14265,3786
14264,3831
14262,3685
14261,3727
14259,3818
14258,3686
14257,3728
14256,3931
14251,3678
14250,3684
14248,3995
14247,3955
14246,3787
14245,3853
14243,3685
14242,3911
14241,3860
14240,3707
14239,3720
14238,4003
14237,4050
14236,3757
14235,3687
14234,3699
14233,3720
14232,3708
14231,3856
14229,3728
14227,3703
14226,3705
14224,3787
14223,3769
14222,3854
14221,3719
14220,3924
14219,3681
14218,3719
14217,3678
14216,3680
14215,3688
14214,3707
14213,4048
14212,3766
14211,3730
14210,3768
14209,3687
14208,3771
14206,3916
14205,3687
14204,3679
14201,3737
14199,3895
14198,3681
14196,3783
14195,3878
14194,3681
14193,3744
14191,3678
14189,3679
14188,3685
14185,4008
14184,3743
14180,3687
14179,3717
14178,3685
14177,3761
14176,3974
14175,3728
14174,3710
14173,3687
14171,3775
14167,3716
14165,3952
14164,3747
14163,3764
14162,3850
14161,3892
14159,3696
14158,3717
14157,3696
14156,3686
14155,3943
14154,3916
14152,3752
14150,3712
14149,3889
14148,3910
14147,3726
14146,3685
14145,3723
14143,3810
14142,4050
14141,3679
14140,3680
14139,3723
14138,3678
14135,3678
14133,3806
14132,3679
14130,3996
14129,3678
14128,3737
14127,3799
14126,3684
14125,3687
14124,3761
14121,3680
14119,4031
14117,3820
14116,3696
14114,3950
14113,3680
14112,3699
14111,3691
14110,3680
14109,3700
14108,3707
14107,3728
14105,3762
14104,3831
14102,3682
14101,3750
14100,3814
14099,3693
14098,3713
14096,3681
14093,3689
14092,3684
14090,4001
14089,3733
14088,3687
14087,3679
14085,3679
14083,3681
14082,4041
14081,3944
14080,3709
14079,3801
14078,3778
14077,3717
14076,3806
14075,3681
14073,3698
14071,3680
14068,3997
14067,3740
14066,3943
14064,3706
14062,3686
14060,3681
14059,3943
14057,3700
14056,3678
14055,3783
14054,3742
14053,3801
14052,3696
14051,3677
14050,3708
14049,3693
14048,3954
14047,3685
14046,3961
14045,3786
14044,3703
14041,3943
14040,3717
14039,3710
14038,3755
14037,3853
14036,3961
14035,3705
14034,3699
14032,3679
14031,3684
14030,3695
14029,3740
14027,3737
14024,3798
14023,3684
14022,3902
14021,3832
14020,3693
14019,3723
14016,3831
14015,3729
14014,3754
14013,3787
14012,3954
14009,3875
14006,3792
14005,3686
14004,3720
14002,3811
14001,3722
14000,3883
13999,3687
13995,3692
13994,3680
13993,3709
13992,3707
13991,3689
13990,3890
13989,3742
13988,3696
13986,3694
13985,3681
13984,3703
13983,3706
13982,3716
13980,3737
13979,3750
13978,3691
13976,3883
13975,3708
13974,3726
13973,3964
13972,3747
13971,3685
13969,3684
13967,3822
13963,3985
13962,3698
13960,3698
13959,3756
13958,4049
13956,3682
13955,3831
13954,3678
13953,3684
13952,3888
13951,3853
13950,3688
13949,3679
13948,4037
13947,3742
13946,3756
13941,3698
13940,3694
13939,3700
13938,3712
13937,3846
13936,3848
13934,3940
13933,3786
13932,3971
13931,3762
13930,3734
13929,3846
13928,3687
13927,3751
13926,3700
13925,3713
13924,3678
13923,3730
13922,4028
13919,3730
13918,3726
13917,3726
13914,3680
13911,3734
13908,3756
13904,3714
13901,3749
13900,3860
13899,3693
13898,4002
13897,3727
13895,3698
13894,3699
13893,3974
13892,3703
13890,3678
13889,3769
13888,3796
13887,3881
13886,3748
13885,3866
13884,3684
13883,3678
13882,3679
13881,3680
13880,3698
13878,3731
13877,3763
13876,3740
13875,3730
13874,4035
13873,3796
13871,3699
13870,3679
13869,3800
13868,3684
13867,3708
13866,3751
13865,3735
13863,3922
13862,3695
13860,3678
13859,4003
13858,3734
13856,3845
13854,3685
13853,3685
13851,3772
13850,3765
13849,3728
13848,3769
13846,3701
13845,3741
13844,3688
13842,3735
13841,3929
13838,3682
13837,3888
13835,3702
13833,3836
13832,3694
13831,3693
13829,4036
13828,3699
13827,3734
13826,3835
13824,3709
13823,3695
13822,3682
13821,3821
13819,3978
13817,3706
13816,3700
13815,3699
13814,3733
13813,3716
13812,3719
13811,3860
13810,3705
13809,3982
13808,3682
13807,4044
13806,3740
13805,3729
13804,3707
13803,3932
13802,3815
13801,3743
13800,3986
13799,3793
13798,3678
13792,3743
13791,3720
13790,3681
13787,3752
13786,4044
13784,3686
13782,3689
13781,3927
13780,3684
13778,3780
13777,3677
13774,3758
13772,3710
13771,3741
13769,3679
13767,3679
13764,3747
13763,3740
13762,3881
13761,3727
13760,3731
13759,3710
13758,3688
13756,3679
13755,3680
13754,3828
13753,3964
13752,3801
13751,3965
13750,3730
13748,3772
13747,4050
13745,3828
13744,3772
13743,3679
13742,3693
13741,3748
13740,3917
13739,3695
13737,3877
13736,3682
13735,3701
13732,3705
13731,3896
13730,3812
13728,3713
13727,3705
13726,3715
13725,3726
13723,3894
13722,3797
13721,3713
13720,3793
13719,3692
13718,3923
13717,3709
13716,3946
13715,3958
13712,3923
13711,3895
13710,3708
13709,3680
13708,3948
13707,3944
13706,3979
13705,3684
13704,3682
13703,3995
13700,3703
13699,3832
13697,3715
13695,3708
13694,3680
13693,4002
13692,3701
13690,3736
13689,3740
13686,3859
13685,3679
13684,3962
13682,3864
13681,3694
13680,3678
13678,3828
13675,3828
13673,3695
13672,3978
13670,3752
13669,3727
13668,3679
13667,3826
13666,3737
13663,3856
13662,3762
13659,3874
13658,3686
13657,3687
13656,3841
13655,3791
13654,3720
13652,3722
13651,3712
13650,3693
13649,3933
13647,3686
13645,3797
13644,3685
13643,3708
13642,3892
13639,3751
13638,3692
13637,3729
13636,3713
13635,3744
13634,3710
13632,3701
13631,3776
13630,3682
13629,3700
13627,3736
13626,3929
13623,3707
13621,3793
13618,3850
13617,3717
13615,3989
13614,3701
13611,3766
13610,3689
13607,3717
13606,3706
13603,3703
13602,3741
13601,3722
13600,3989
13599,3678
13598,3724
13596,3682
13594,3729
13593,3785
13592,3712
13591,3741
13590,3688
13589,3691
13588,3692
13587,3708
13584,3983
13583,3832
13581,3986
13579,3691
13577,3702
13576,3687
13575,3700
13573,3727
13572,3882
13571,3689
13570,3920
13569,3694
13568,3850
13566,3717
13565,3696
13564,3821
13563,3761
13562,3758
13561,3892
13560,3684
13558,3682
13557,3705
13555,3750
13552,3743
13551,3996
13549,3702
13548,3773
13546,3689
13544,3716
13539,3762
13538,3720
13536,3678
13534,3679
13533,3859
13532,3710
13531,3882
13529,3755
13527,3710
13525,3691
13524,3717
13523,3710
13522,3707
13521,3678
13520,3735
13519,3727
13518,3762
13517,3736
13516,3698
13515,3749
13514,3750
13513,3803
13512,3937
13510,3678
13509,3685
13508,3920
13507,3680
13506,3989
13505,3744
13504,3741
13503,3748
13502,3693
13501,3919
13500,3700
13499,3694
13497,3959
13496,3687
13495,3684
13494,3988
13493,3952
13492,3813
13491,3728
13489,3782
13488,3694
13487,3734
13486,3755
13485,3910
13484,3918
13483,3742
13482,3909
13481,3722
13479,3875
13477,3714
13476,3855
13475,3868
13474,3913
13473,3737
13471,3678
13470,3776
13468,3678
13467,3687
13466,3777
13464,3735
13462,3860
13461,3715
13460,3706
13458,3684
13456,3694
13455,3701
13453,3842
13452,3936
13451,3703
13450,3703
13449,3700
13448,3693
13447,3700
13441,3768
13439,3932
13437,3691
13436,3678
13435,3682
13434,3751
13431,3744
13430,3695
13429,3687
13428,3687
13427,3696
13426,3677
13425,3785
13422,3728
13421,3717
13420,3811
13419,3740
13418,3688
13417,3681
13416,3720
13414,3810
13411,3784
13410,3685
13408,3678
13405,3751
13404,3678
13403,3694
13402,3804
13398,3869
13397,3749
13396,3698
13395,3862
13394,3678
13391,3880
13390,3751
13389,3688
13388,3798
13385,4006
13384,3707
13382,3957
13381,3698
13379,3703
13376,3776
13375,3758
13373,3737
13372,3766
13370,4043
13369,4031
13368,3933
13366,3727
13365,3685
13364,3743
13363,3694
13362,3680
13359,3736
13358,3945
13357,3934
13356,3757
13355,3799
13354,3748
13352,3684
13351,3743
13350,3693
13349,3687
13348,3741
13347,3747
13345,3953
13344,3744
13343,3849
13341,3937
13340,3722
13339,3877
13338,3831
13336,3754
13334,3759
13332,3691
13330,3769
13329,3708
13328,3993
13327,3715
13325,3758
13324,3709
13323,3680
13322,3694
13321,3749
13320,3747
13319,3682
13318,3678
13317,3741
13316,3714
13314,3678
13313,3699
13311,3681
13310,3685
13309,3684
13308,3699
13307,3797
13305,3681
13304,4028
13302,3832
13301,3780
13300,3841
13299,3945
13298,3678
13297,3684
13296,3814
13295,4036
13294,3866
13292,3715
13291,3832
13285,3700
13284,3999
13283,3736
13282,3695
13280,3799
13279,3741
13278,3717
13277,3692
13276,3740
13273,3790
13272,3708
13271,3714
13270,4043
13269,3678
13268,3694
13267,3679
13266,3688
13265,3730
13263,3678
13262,3940
13261,3945
13260,3738
13259,3738
13258,3688
13256,3691
13255,3680
13253,3833
13249,3769
13248,3801
13247,3694
13246,3695
13245,3727
13244,3769
13243,3880
13242,3789
13240,3773
13239,3938
13238,3688
13236,3701
13235,3888
13233,3751
13232,3689
13230,3681
13229,3902
13228,3758
13227,3878
13226,3950
13225,3680
13224,3737
13223,3877
13221,3917
13220,3755
13218,3804
13217,3799
13216,3944
13213,3733
13212,3686
13211,3687
13210,3770
13209,3707
13208,3735
13207,3692
13203,3686
13200,3696
13199,3680
13198,3687
13196,3688
13194,3812
13193,3738
13192,3772
13189,3695
13188,3688
13187,4014
13186,3716
13185,3944
13184,3691
13183,3684
13182,3722
13178,3703
13177,3741
13176,3723
13174,3693
13173,3681
13171,3685
13170,3703
13169,3740
13168,3713
13167,3695
13166,3959
13165,3723
13162,3799
13161,3990
13160,3699
13159,3685
13158,3771
13157,3726
13155,3710
13154,3821
13153,3682
13151,3880
13149,3691
13148,3706
13147,3687
13146,3703
13145,3716
13144,4009
13142,3696
13141,3761
13140,3785
13139,3693
13138,3699
13137,3687
13136,3727
13135,3873
13134,3749
13133,3950
13132,3938
13131,3700
13130,3771
13127,3754
13126,3681
13124,3766
13122,3771
13121,3946
13120,3915
13118,3696
13117,3698
13116,3794
13115,3685
13113,3677
13110,3708
13109,3679
13108,4049
13107,3721
13106,3805
13104,3680
13103,3716
13102,3678
13101,3911
13099,3776
13098,3678
13097,3709
13095,3747
13094,3698
13093,3944
13092,3747
13091,3698
13090,3685
13089,3679
13085,3834
13083,3681
13082,3803
13081,3678
13080,3856
13079,3681
13078,3678
13077,3678
13075,3806
13072,3943
13070,3869
13069,3677
13068,3687
13067,3759
13066,3701
13065,4050
13064,3689
13062,3868
13061,3749
13060,3930
13059,3926
13058,3701
13055,3741
13052,3889
13050,3686
13049,3741
13048,3691
13047,3708
13046,3707
13045,3776
13044,3968
13043,3930
13040,3685
13038,3757
13037,3815
13035,3734
13034,3731
13033,4034
13032,3715
13030,3688
13029,3707
13028,3699
13027,3790
13026,3678
13023,3741
13021,3681
13018,3693
13017,3684
13016,3750
13015,3730
13014,3679
13013,3678
13012,3686
13011,4049
13008,4000
13006,3733
13005,3850
13004,3688
13003,3782
13002,3995
13001,3681
13000,3783
12999,3873
12997,3699
12995,3754
12994,3681
12993,3700
12991,3700
12990,3708
12989,3680
12988,3969
12987,3750
12985,3677
12984,3695
12982,3916
12981,3706
12980,3832
12977,3833
12976,3888
12974,3874
12971,3680
12970,3684
12968,3789
12967,3680
12966,3686
12965,3766
12963,3685
12962,3684
12957,3681
12956,3983
12955,3678
12953,3686
12952,3682
12951,3685
12950,3679
12949,3707
12948,3693
12947,3820
12945,3965
12944,3712
12943,3978
12942,3808
12940,3723
12939,3741
12938,3702
12937,3692
12936,3694
12935,3679
12933,3701
12931,3698
12930,3755
12929,3799
12928,3712
12925,3681
12924,3765
12923,3741
12922,3838
12921,3680
12920,3694
12919,3685
12917,3805
12916,3815
12915,3825
12913,3681
12912,3679
12910,3700
12909,3716
12908,3735
12906,3688
12904,3695
12902,3941
12901,3685
12897,3881
12895,3719
12893,3707
12891,3862
12890,3701
12888,3891
12886,3744
12885,3740
12884,3765
12883,3701
12882,3686
12881,3952
12879,3721
12878,3695
12877,3680
12876,3734
12875,3820
12873,3959
12872,4003
12871,3761
12870,4043
12868,3862
12867,3703
12866,3960
12865,3703
12864,3815
12863,3729
12857,3887
12856,3684
12855,4049
12854,3755
12853,3784
12852,3967
12851,3773
12849,3708
12847,3699
12845,3944
12844,3706
12843,3742
12842,3747
12841,3681
12840,3820
12839,3679
12838,3710
12837,3850
12836,3736
12834,3959
12833,3822
12832,3709
12831,3939
12830,3714
12829,3999
12828,3679
12827,3682
12826,3679
12824,3736
12823,3751
12822,3747
12821,3891
12820,3680
12818,3855
12817,3958
12816,3772
12815,3824
12814,3778
12812,3721
12811,3937
12809,3845
12808,3713
12802,3860
12798,3687
12797,4037
12795,3695
12794,3730
12793,4011
12792,3933
12791,4050
12790,3869
12789,3742
12787,3686
12785,3679
12784,3686
12783,3679
12782,3681
12781,3698
12779,3698
12778,3696
12775,3694
12772,3736
12770,3887
12769,3915
12766,3680
12764,3993
12763,3815
12762,3684
12759,3729
12758,3793
12757,3692
12756,3763
12755,3926
12754,3912
12753,3680
12752,3758
12750,3805
12749,3680
12748,3677
12747,3679
12744,3728
12743,3811
12740,3740
12739,3755
12738,4049
12736,4009
12735,3992
12734,4029
12733,3911
12732,3856
12731,3700
12729,3790
12728,3748
12727,3687
12726,3705
12725,4048
12724,3682
12723,3680
12722,3762
12721,3708
12720,3679
12719,3682
12718,3748
12717,3828
12716,3680
12715,3783
12714,3686
12713,3677
12712,3699
12710,3773
12709,3680
12708,3706
12707,3968
12705,3692
12704,3684
12703,3741
12702,3696
12701,3756
12700,3684
12697,3698
12695,3684
12694,3747
12693,3797
12691,3705
12690,3882
12689,3702
12688,3790
12686,4048
12685,3705
12684,3684
12683,3681
12682,3680
12681,3691
12680,3677
12679,3729
12678,3719
12676,3701
12674,3688
12673,3682
12672,4006
12670,3687
12669,3827
12668,3684
12667,3735
12666,4036
12665,4001
12664,3685
12662,3677
12660,3688
12659,3706
12658,3695
12657,3688
12656,3694
12654,3687
12653,3825
12652,3999
12651,4011
12650,3680
12649,3784
12648,3831
12647,3699
12646,3681
12645,3710
12644,3806
12643,3805
12642,3702
12641,3792
12640,3700
12639,3915
12638,3710
12637,3744
12635,3766
12633,3735
12631,3734
12630,3686
12628,3681
12627,3687
12626,3700
12625,3888
12624,3783
12623,3953
12622,3909
12621,3678
12620,3691
12619,3693
12618,3698
12617,3706
12616,3762
12615,3679
12614,3954
12613,3708
12612,3734
12611,3729
12610,3699
12609,3755
12607,3735
12605,4042
12604,3756
12603,3698
12602,3735
12601,3866
12600,3705
12599,3706
12598,3686
12597,3696
12596,3728
12594,3714
12593,3785
12592,3769
12591,3994
12590,3867
12589,3705
12588,3716
12587,3684
12586,3694
12585,3911
12584,3680
12583,3679
12582,3915
12581,3716
12580,3923
12579,3750
12578,3698
12577,3712
12576,3712
12574,3992
12573,3904
12572,3685
12571,3716
12569,3679
12567,3699
12566,3749
12565,3958
12564,3938
12562,3685
12561,3979
12560,3682
12559,3987
12558,3678
12557,3693
12556,3727
12553,3685
12552,3715
12551,4034
12550,3756
12548,3843
12547,3874
12546,3723
12545,3752
12544,3706
12541,3706
12540,3696
12539,3699
12538,3706
12536,3684
12535,3768
12534,3807
12532,3707
12531,3691
12530,3736
12528,3686
12527,3758
12526,3677
12524,3686
12523,3678
12522,3716
12521,3819
12520,3756
12519,3740
12518,3677
12517,3705
12516,3754
12515,4030
12514,3944
12513,3761
12512,3743
12510,3819
12509,3961
12508,3703
12507,3811
12506,3909
12505,3978
12504,3695
12503,4014
12502,3772
12501,3992
12500,3700
12498,3698
12497,3758
12494,3686
12493,3842
12492,3740
12491,3715
12490,3682
12489,4013
12488,3686
12484,3709
12483,3694
12481,3699
12480,3705
12479,3680
12478,3680
12477,3699
12476,3678
12475,3730
12474,3694
12473,3706
12472,3707
12471,3679
12468,3820
12465,3684
12464,3687
12463,3723
12462,3679
12461,3771
12458,3748
12457,3735
12456,3721
12455,3750
12454,3730
12453,3811
12452,3693
12451,3687
12450,3833
12449,3699
12448,3721
12447,3920
12446,3734
12445,3699
12444,3698
12442,3680
12441,4043
12438,3691
12437,3678
12436,3776
12435,3756
12434,3761
12433,3677
12432,3719
12431,3712
12430,3720
12429,3686
12428,3702
12427,3688
12426,3871
12425,3755
12424,3839
12423,3677
12422,3772
12421,3692
12420,3740
12418,3789
12417,3680
12415,3701
12414,3894
12413,3743
12412,3751
12410,3978
12409,3755
12408,3709
12407,3726
12406,3699
12405,3825
12403,3726
12402,4000
12401,3980
12399,3796
12398,3722
12397,3712
12395,3692
12394,3740
12393,3749
12391,3698
12390,3756
12388,3692
12386,4014
12384,3705
12383,3861
12381,3681
12380,3698
12379,3758
12378,3806
12377,3992
12375,3679
12374,3702
12373,3988
12372,3748
12371,3721
12370,3728
12367,3681
12365,3968
12364,3684
12363,3786
12362,3680
12361,3964
12360,3729
12359,3684
12358,3678
12357,3710
12356,3699
12355,3891
12354,3909
12353,3881
12352,3713
12350,3987
12349,3695
12348,3752
12347,3679
12346,4002
